-- phpMyAdmin SQL Dump
-- version 5.2.0
-- https://www.phpmyadmin.net/
--
-- 主机： 127.0.0.1:3306
-- 生成日期： 2023-06-27 13:31:23
-- 服务器版本： 8.0.31
-- PHP 版本： 8.0.26

SET SQL_MODE = "NO_AUTO_VALUE_ON_ZERO";
START TRANSACTION;
SET time_zone = "+00:00";


/*!40101 SET @OLD_CHARACTER_SET_CLIENT=@@CHARACTER_SET_CLIENT */;
/*!40101 SET @OLD_CHARACTER_SET_RESULTS=@@CHARACTER_SET_RESULTS */;
/*!40101 SET @OLD_COLLATION_CONNECTION=@@COLLATION_CONNECTION */;
/*!40101 SET NAMES utf8mb4 */;

--
-- 数据库： `e-learningprogram`
--

-- --------------------------------------------------------

--
-- 表的结构 `tb_admin_users`
--

DROP TABLE IF EXISTS `tb_admin_users`;
CREATE TABLE IF NOT EXISTS `tb_admin_users` (
  `id` int UNSIGNED NOT NULL AUTO_INCREMENT COMMENT '主键',
  `username` varchar(50) NOT NULL COMMENT '管理员用户名',
  `password` varchar(255) NOT NULL COMMENT '管理员密码',
  `addtime` date NOT NULL COMMENT '注册时间',
  `lastlogintime` datetime NOT NULL COMMENT '上次登录时间',
  `lastloginip` varchar(20) NOT NULL COMMENT '上次登录IP',
  `logintime` datetime NOT NULL COMMENT '本次登录时间',
  `loginip` varchar(20) NOT NULL COMMENT '本次登录ip',
  PRIMARY KEY (`id`)
) ENGINE=MyISAM AUTO_INCREMENT=10 DEFAULT CHARSET=utf8mb3 COMMENT='后台管理员表';

--
-- 转存表中的数据 `tb_admin_users`
--

INSERT INTO `tb_admin_users` (`id`, `username`, `password`, `addtime`, `lastlogintime`, `lastloginip`, `logintime`, `loginip`) VALUES
(1, 'admin', 'fdb390e945559e74475ed8c8bbb48ca5', '2019-01-01', '2023-06-19 11:26:30', '::1', '2023-06-27 13:29:29', '::1');

-- --------------------------------------------------------

--
-- 表的结构 `tb_course`
--

DROP TABLE IF EXISTS `tb_course`;
CREATE TABLE IF NOT EXISTS `tb_course` (
  `id` int UNSIGNED NOT NULL AUTO_INCREMENT COMMENT '主键',
  `name` varchar(100) NOT NULL DEFAULT '' COMMENT '课程名称',
  `image_path` varchar(255) NOT NULL DEFAULT '' COMMENT '图片路径',
  `sort` int UNSIGNED NOT NULL DEFAULT '1' COMMENT '排序值',
  `status` tinyint(1) NOT NULL DEFAULT '1' COMMENT '状态 0：关闭 1：正常',
  `addtime` int NOT NULL COMMENT '添加时间',
  PRIMARY KEY (`id`)
) ENGINE=MyISAM AUTO_INCREMENT=18 DEFAULT CHARSET=utf8mb3 COMMENT='课程表';

--
-- 转存表中的数据 `tb_course`
--

INSERT INTO `tb_course` (`id`, `name`, `image_path`, `sort`, `status`, `addtime`) VALUES
(1, '零基础学Java：第一课 初识Java', 'file_5c3c1d6dc6707.jpg', 100, 1, 1686865881),
(2, '零基础学Java：第二课 Java语言基础', 'file_5c3c1f63ed717.jpg', 90, 1, 1686569887),
(3, '零基础学Java：第三课 流程控制', 'file_5c3c217ee7f9d.jpg', 80, 1, 1686836982),
(4, '零基础学Java：第四课 数组', 'file_5c3c203281247.jpg', 70, 1, 1686867876),
(5, '零基础学Java：第五课 字符串', 'file_5c3c204eb24cb.jpg', 60, 1, 1686885881),
(6, '零基础学Java：第六课 面对对象编程基础', 'file_5c3c205e28308.jpg', 50, 1, 1686884886),
(7, '零基础学Java：第七课 面向对象核心技术', 'file_5c3c38e5b12f2.jpg', 40, 1, 1686887336),
(8, '零基础学Java：第八课 异常处理', 'file_5c3c391f63979.jpg', 30, 1, 1686882896),
(9, 'PHP从入门到精通：第一课初识PHP', 'file_5cecd16b12618.png', 10, 0, 1686887810),
(10, 'PHP从入门到精通：第二课环境搭建和开发工具', 'file_5cecd178d77e6.png', 10, 0, 1686667882),
(11, 'PHP从入门到精通：第三课PHP语言基础', 'file_5cecd39b85c01.png', 10, 0, 1686835677),
(12, 'PHP从入门到精通：第四课流程控制语句', 'file_5cecd3b60aad0.png', 10, 0, 1686669667),
(13, 'PHP从入门到精通：第五课字符串操作', 'file_5cecd3ce22206.png', 10, 0, 1686367687),
(14, 'PHP从入门到精通：第六课正则表达式', 'file_5cecca6867c06.png', 10, 0, 1686889886);

-- --------------------------------------------------------

--
-- 表的结构 `tb_download_record`
--

DROP TABLE IF EXISTS `tb_download_record`;
CREATE TABLE IF NOT EXISTS `tb_download_record` (
  `id` int UNSIGNED NOT NULL AUTO_INCREMENT COMMENT '主键',
  `user_id` int NOT NULL COMMENT '用户id',
  `course_id` int NOT NULL COMMENT '课程id',
  `resource_id` int NOT NULL COMMENT '资源id',
  `addtime` datetime NOT NULL COMMENT '注册时间',
  PRIMARY KEY (`id`)
) ENGINE=MyISAM AUTO_INCREMENT=16 DEFAULT CHARSET=utf8mb3 COMMENT='源码下载记录表';

--
-- 转存表中的数据 `tb_download_record`
--

INSERT INTO `tb_download_record` (`id`, `user_id`, `course_id`, `resource_id`, `addtime`) VALUES
(15, 3, 9, 8, '2023-06-19 09:15:24'),
(8, 2, 9, 8, '2023-06-17 11:11:52'),
(9, 2, 1, 1, '2023-06-17 15:29:35'),
(14, 3, 1, 1, '2023-06-19 10:59:34'),
(12, 1, 1, 1, '2023-06-16 14:59:07'),
(13, 1, 9, 8, '2023-06-17 16:13:23');

-- --------------------------------------------------------

--
-- 表的结构 `tb_learn_record`
--

DROP TABLE IF EXISTS `tb_learn_record`;
CREATE TABLE IF NOT EXISTS `tb_learn_record` (
  `id` int UNSIGNED NOT NULL AUTO_INCREMENT COMMENT '主键',
  `user_id` int NOT NULL COMMENT '用户id',
  `course_id` int NOT NULL COMMENT '课程id',
  `resource_id` int NOT NULL COMMENT '资源id',
  `addtime` datetime NOT NULL COMMENT '注册时间',
  PRIMARY KEY (`id`)
) ENGINE=MyISAM AUTO_INCREMENT=44 DEFAULT CHARSET=utf8mb3 COMMENT='学习记录表';

--
-- 转存表中的数据 `tb_learn_record`
--

INSERT INTO `tb_learn_record` (`id`, `user_id`, `course_id`, `resource_id`, `addtime`) VALUES
(1, 1, 1, 1, '2023-06-16 14:59:06'),
(4, 1, 1, 3, '2023-06-16 14:52:58'),
(3, 1, 1, 2, '2023-06-16 14:59:06'),
(6, 1, 1, 4, '2023-06-16 14:52:58'),
(7, 1, 1, 5, '2023-06-16 14:52:59'),
(8, 1, 1, 6, '2023-06-16 14:53:50'),
(41, 3, 9, 8, '2023-06-19 09:15:22'),
(39, 3, 2, 7, '2023-06-19 09:21:09'),
(38, 1, 9, 8, '2023-06-16 14:42:01'),
(37, 1, 2, 7, '2023-06-16 14:53:09'),
(30, 3, 1, 1, '2023-06-19 10:58:44'),
(31, 3, 1, 2, '2023-06-19 09:21:38'),
(33, 3, 1, 4, '2023-06-19 11:08:51'),
(34, 3, 1, 3, '2023-06-19 09:21:40'),
(35, 3, 1, 5, '2023-06-19 09:21:42'),
(36, 3, 1, 6, '2023-06-19 09:21:43');

-- --------------------------------------------------------

--
-- 表的结构 `tb_member`
--

DROP TABLE IF EXISTS `tb_member`;
CREATE TABLE IF NOT EXISTS `tb_member` (
  `id` int UNSIGNED NOT NULL AUTO_INCREMENT COMMENT '主键',
  `username` varchar(255) NOT NULL DEFAULT '' COMMENT '用户名',
  `password` varchar(255) NOT NULL DEFAULT '' COMMENT '密码',
  `addtime` int NOT NULL COMMENT '添加时间',
  PRIMARY KEY (`id`)
) ENGINE=MyISAM AUTO_INCREMENT=4 DEFAULT CHARSET=utf8mb3 COMMENT='用户表';

--
-- 转存表中的数据 `tb_member`
--

INSERT INTO `tb_member` (`id`, `username`, `password`, `addtime`) VALUES
(1, 'admin', 'c78b6663d47cfbdb4d65ea51c104044e', 1686886887),
(2, 'Tony', 'd93a5def7511da3d0f2d171d9c344e91', 1686887887);

-- --------------------------------------------------------

--
-- 表的结构 `tb_resource`
--

DROP TABLE IF EXISTS `tb_resource`;
CREATE TABLE IF NOT EXISTS `tb_resource` (
  `id` int UNSIGNED NOT NULL AUTO_INCREMENT COMMENT '主键',
  `course_id` int NOT NULL COMMENT '课程id',
  `title` varchar(100) NOT NULL DEFAULT '' COMMENT '资源名称',
  `video_path` varchar(255) NOT NULL DEFAULT '' COMMENT '视频路径',
  `document` text COMMENT '文档内容',
  `code_path` varchar(255) NOT NULL DEFAULT '' COMMENT '源码路径',
  `sort` int UNSIGNED NOT NULL DEFAULT '1' COMMENT '排序值',
  `status` tinyint(1) NOT NULL DEFAULT '1' COMMENT '状态 0：关闭 1：正常',
  `addtime` int NOT NULL COMMENT '添加时间',
  PRIMARY KEY (`id`)
) ENGINE=MyISAM AUTO_INCREMENT=12 DEFAULT CHARSET=utf8mb3 COMMENT='课程表';

--
-- 转存表中的数据 `tb_resource`
--

INSERT INTO `tb_resource` (`id`, `course_id`, `title`, `video_path`, `document`, `code_path`, `sort`, `status`, `addtime`) VALUES
(1, 1, '什么是Java', 'file_5c35895748585.mp4', '&lt;h2 style=&quot;white-space: normal; outline: none; margin-top: 32px; margin-bottom: 32px; break-after: avoid; text-align: center; vertical-align: baseline; line-height: 21px; font-family: &amp;quot;Times New Roman&amp;quot;; color: rgb(58, 164, 252); font-size: 32px; background-color: rgb(255, 255, 255);&quot;&gt;&lt;span style=&quot;outline: none; font-family: 楷体_GB2312; font-size: 29px; color: rgb(0, 0, 0);&quot;&gt;什么是Java&lt;/span&gt;&lt;/h2&gt;&lt;p style=&quot;font-size: medium; white-space: normal; outline: none; font-family: 微软雅黑; background-color: rgb(255, 255, 255); text-indent: 29px; text-align: justify;&quot;&gt;&lt;span style=&quot;outline: none; font-family: &amp;quot;Times New Roman&amp;quot;; font-size: 14px;&quot;&gt;Java&amp;nbsp;&lt;/span&gt;&lt;span style=&quot;outline: none; font-family: &amp;quot;宋体e眠副浡渀.&amp;quot;; font-size: 14px;&quot;&gt;是于&lt;/span&gt;&lt;span style=&quot;outline: none; font-family: &amp;quot;Times New Roman&amp;quot;; font-size: 14px;&quot;&gt;1995&amp;nbsp;&lt;/span&gt;&lt;span style=&quot;outline: none; font-family: &amp;quot;宋体e眠副浡渀.&amp;quot;; font-size: 14px;&quot;&gt;年，由&lt;/span&gt;&lt;span style=&quot;outline: none; font-family: &amp;quot;Times New Roman&amp;quot;; font-size: 14px;&quot;&gt;Sun&lt;/span&gt;&lt;span style=&quot;outline: none; font-family: &amp;quot;宋体e眠副浡渀.&amp;quot;; font-size: 14px;&quot;&gt;公司推出的一种极富创造力的、面向对象的程序设计语言，由有&lt;/span&gt;&lt;span style=&quot;outline: none; font-family: &amp;quot;宋体e眠副浡渀.&amp;quot;; font-size: 14px;&quot;&gt;“&lt;/span&gt;&lt;span style=&quot;outline: none; font-family: &amp;quot;Times New Roman&amp;quot;; font-size: 14px;&quot;&gt;Java&amp;nbsp;&lt;/span&gt;&lt;span style=&quot;outline: none; font-family: &amp;quot;宋体e眠副浡渀.&amp;quot;; font-size: 14px;&quot;&gt;之父&lt;/span&gt;&lt;span style=&quot;outline: none; font-family: &amp;quot;宋体e眠副浡渀.&amp;quot;; font-size: 14px;&quot;&gt;”&lt;/span&gt;&lt;span style=&quot;outline: none; font-family: &amp;quot;宋体e眠副浡渀.&amp;quot;; font-size: 14px;&quot;&gt;&amp;nbsp;之称的&lt;/span&gt;&lt;span style=&quot;outline: none; font-family: &amp;quot;Times New Roman&amp;quot;; font-size: 14px;&quot;&gt;Sun&amp;nbsp;&lt;/span&gt;&lt;span style=&quot;outline: none; font-family: &amp;quot;宋体e眠副浡渀.&amp;quot;; font-size: 14px;&quot;&gt;研究院院士&lt;/span&gt;&lt;span style=&quot;outline: none; font-family: &amp;quot;Times New Roman&amp;quot;; font-size: 14px;&quot;&gt;James&amp;nbsp;Gosling&lt;/span&gt;&lt;span style=&quot;outline: none; font-family: &amp;quot;宋体e眠副浡渀.&amp;quot;; font-size: 14px;&quot;&gt;（詹姆斯&lt;/span&gt;&lt;span style=&quot;outline: none; font-family: &amp;quot;Times New Roman&amp;quot;; font-size: 14px;&quot;&gt;·&lt;/span&gt;&lt;span style=&quot;outline: none; font-family: &amp;quot;宋体e眠副浡渀.&amp;quot;; font-size: 14px;&quot;&gt;高斯林）博士亲手设计而成。他还完成了&lt;/span&gt;&lt;span style=&quot;outline: none; font-family: &amp;quot;Times New Roman&amp;quot;; font-size: 14px;&quot;&gt;Java&amp;nbsp;&lt;/span&gt;&lt;span style=&quot;outline: none; font-family: &amp;quot;宋体e眠副浡渀.&amp;quot;; font-size: 14px;&quot;&gt;的原始编译器和虚拟机的设计工作。&lt;/span&gt;&lt;span style=&quot;outline: none; font-family: &amp;quot;Times New Roman&amp;quot;; font-size: 14px;&quot;&gt;Java&amp;nbsp;&lt;/span&gt;&lt;span style=&quot;outline: none; font-family: &amp;quot;宋体e眠副浡渀.&amp;quot;; font-size: 14px;&quot;&gt;最初的名字是&lt;/span&gt;&lt;span style=&quot;outline: none; font-family: &amp;quot;Times New Roman&amp;quot;; font-size: 14px;&quot;&gt;OAK&lt;/span&gt;&lt;span style=&quot;outline: none; font-family: &amp;quot;宋体e眠副浡渀.&amp;quot;; font-size: 14px;&quot;&gt;，&lt;/span&gt;&lt;span style=&quot;outline: none; font-family: &amp;quot;Times New Roman&amp;quot;; font-size: 14px;&quot;&gt;1995&amp;nbsp;&lt;/span&gt;&lt;span style=&quot;outline: none; font-family: &amp;quot;宋体e眠副浡渀.&amp;quot;; font-size: 14px;&quot;&gt;年被重命名为&lt;/span&gt;&lt;span style=&quot;outline: none; font-family: &amp;quot;Times New Roman&amp;quot;; font-size: 14px;&quot;&gt;Java&amp;nbsp;&lt;/span&gt;&lt;span style=&quot;outline: none; font-family: &amp;quot;宋体e眠副浡渀.&amp;quot;; font-size: 14px;&quot;&gt;后，正式发布。&lt;/span&gt;&lt;/p&gt;&lt;p style=&quot;font-size: medium; white-space: normal; outline: none; font-family: 微软雅黑; background-color: rgb(255, 255, 255); text-indent: 29px; text-align: justify;&quot;&gt;&lt;span style=&quot;outline: none; font-family: &amp;quot;Times New Roman&amp;quot;; font-size: 14px;&quot;&gt;Java&amp;nbsp;&lt;/span&gt;&lt;span style=&quot;outline: none; font-family: &amp;quot;宋体e眠副浡渀.&amp;quot;; font-size: 14px;&quot;&gt;是一种通过解释方式来执行的语言，其语法规则和&lt;/span&gt;&lt;span style=&quot;outline: none; font-family: &amp;quot;Times New Roman&amp;quot;; font-size: 14px;&quot;&gt;C++&amp;nbsp;&lt;/span&gt;&lt;span style=&quot;outline: none; font-family: &amp;quot;宋体e眠副浡渀.&amp;quot;; font-size: 14px;&quot;&gt;类似。与&lt;/span&gt;&lt;span style=&quot;outline: none; font-family: &amp;quot;Times New Roman&amp;quot;; font-size: 14px;&quot;&gt;C++&amp;nbsp;&lt;/span&gt;&lt;span style=&quot;outline: none; font-family: &amp;quot;宋体e眠副浡渀.&amp;quot;; font-size: 14px;&quot;&gt;不同的是，&lt;/span&gt;&lt;span style=&quot;outline: none; font-family: &amp;quot;Times New Roman&amp;quot;; font-size: 14px;&quot;&gt;Java&amp;nbsp;&lt;/span&gt;&lt;span style=&quot;outline: none; font-family: &amp;quot;宋体e眠副浡渀.&amp;quot;; font-size: 14px;&quot;&gt;语言简洁得多，而且提高了可靠性，除去了最大的程序错误根源，此外它还有较高的安全性，可以说它是一门非常卓越的编程语言。&lt;/span&gt;&lt;/p&gt;&lt;p style=&quot;white-space: normal; outline: none; text-align: justify; font-family: Calibri; font-size: 14px; background-color: rgb(255, 255, 255); text-indent: 28px;&quot;&gt;&lt;span style=&quot;outline: none; font-family: &amp;quot;宋体e眠副浡渀.&amp;quot;;&quot;&gt;由于&lt;/span&gt;&lt;span style=&quot;outline: none; font-family: &amp;quot;Times New Roman&amp;quot;;&quot;&gt;Java&amp;nbsp;&lt;/span&gt;&lt;span style=&quot;outline: none; font-family: &amp;quot;宋体e眠副浡渀.&amp;quot;;&quot;&gt;可以跨平台，所以&lt;/span&gt;&lt;span style=&quot;outline: none; font-family: &amp;quot;Times New Roman&amp;quot;;&quot;&gt;Java&amp;nbsp;&lt;/span&gt;&lt;span style=&quot;outline: none; font-family: &amp;quot;宋体e眠副浡渀.&amp;quot;;&quot;&gt;常被应用于企业网络和&lt;/span&gt;&lt;span style=&quot;outline: none; font-family: &amp;quot;Times New Roman&amp;quot;;&quot;&gt;Internet&amp;nbsp;&lt;/span&gt;&lt;span style=&quot;outline: none; font-family: &amp;quot;宋体e眠副浡渀.&amp;quot;;&quot;&gt;环境。&lt;/span&gt;&lt;/p&gt;', 'file_5c358a997bb83.zip', 100, 1, 1686885886),
(2, 1, 'Java的版本', 'file_5c358eb65a91f.mp4', '&lt;h2 style=&quot;outline: none;margin: 32px 0;text-align: center;break-after: avoid;font-size: 32px;font-family: &amp;#39;Times New Roman&amp;#39;, serif;color: rgb(58, 164, 252);white-space: normal;background-color: rgb(255, 255, 255)&quot;&gt;&lt;span style=&quot;outline: none;font-size: 29px;color: windowtext&quot;&gt;Java&amp;nbsp;&lt;/span&gt;&lt;span style=&quot;outline: none;font-size: 29px;font-family: 楷体_GB2312;color: windowtext&quot;&gt;的版本&lt;/span&gt;&lt;/h2&gt;&lt;p style=&quot;outline: none;font-size: medium;font-family: 黑体;white-space: normal;background-color: rgb(255, 255, 255);text-align: justify;text-indent: 28px&quot;&gt;&lt;span style=&quot;outline: none;font-size: 14px;font-family: &amp;#39;宋体S業.椀&amp;#39;, serif&quot;&gt;自从&amp;nbsp;&lt;/span&gt;&lt;span style=&quot;outline: none;font-size: 14px;font-family: &amp;#39;Times New Roman&amp;#39;, serif&quot;&gt;Sun&amp;nbsp;&lt;/span&gt;&lt;span style=&quot;outline: none;font-size: 14px;font-family: &amp;#39;宋体S業.椀&amp;#39;, serif&quot;&gt;公司推出&lt;/span&gt;&lt;span style=&quot;outline: none;font-size: 14px;font-family: &amp;#39;Times New Roman&amp;#39;, serif&quot;&gt;Java&amp;nbsp;&lt;/span&gt;&lt;span style=&quot;outline: none;font-size: 14px;font-family: &amp;#39;宋体S業.椀&amp;#39;, serif&quot;&gt;以来，就力图使之无所不能。&lt;/span&gt;&lt;span style=&quot;outline: none;font-size: 14px;font-family: &amp;#39;Times New Roman&amp;#39;, serif&quot;&gt;Java&amp;nbsp;&lt;/span&gt;&lt;span style=&quot;outline: none;font-size: 14px;font-family: &amp;#39;宋体S業.椀&amp;#39;, serif&quot;&gt;发展至今，按应用范围分为&lt;/span&gt;&lt;span style=&quot;outline: none;font-size: 14px;font-family: &amp;#39;Times New Roman&amp;#39;, serif&quot;&gt;3&lt;/span&gt;&lt;span style=&quot;outline: none;font-size: 14px;font-family: &amp;#39;宋体S業.椀&amp;#39;, serif&quot;&gt;个版本：&amp;nbsp;&lt;/span&gt;&lt;span style=&quot;outline: none;font-size: 14px;font-family: &amp;#39;Times New Roman&amp;#39;, serif&quot;&gt;Java SE&lt;/span&gt;&lt;span style=&quot;outline: none;font-size: 14px;font-family: &amp;#39;宋体S業.椀&amp;#39;, serif&quot;&gt;、&lt;/span&gt;&lt;span style=&quot;outline: none;font-size: 14px;font-family: &amp;#39;Times New Roman&amp;#39;, serif&quot;&gt;Java EE&amp;nbsp;&lt;/span&gt;&lt;span style=&quot;outline: none;font-size: 14px;font-family: &amp;#39;宋体S業.椀&amp;#39;, serif&quot;&gt;和&amp;nbsp;&lt;/span&gt;&lt;span style=&quot;outline: none;font-size: 14px;font-family: &amp;#39;Times New Roman&amp;#39;, serif&quot;&gt;Java ME&lt;/span&gt;&lt;span style=&quot;outline: none;font-size: 14px;font-family: &amp;#39;宋体S業.椀&amp;#39;, serif&quot;&gt;，即&amp;nbsp;&lt;/span&gt;&lt;span style=&quot;outline: none;font-size: 14px;font-family: &amp;#39;Times New Roman&amp;#39;, serif&quot;&gt;Sun ONE&lt;/span&gt;&lt;span style=&quot;outline: none;font-size: 14px;font-family: &amp;#39;宋体S業.椀&amp;#39;, serif&quot;&gt;（&lt;/span&gt;&lt;span style=&quot;outline: none;font-size: 14px;font-family: &amp;#39;Times New Roman&amp;#39;, serif&quot;&gt;Open Net Environment&lt;/span&gt;&lt;span style=&quot;outline: none;font-size: 14px;font-family: &amp;#39;宋体S業.椀&amp;#39;, serif&quot;&gt;）体系。本节将分别介绍&lt;/span&gt;&lt;span style=&quot;outline: none;font-size: 14px;font-family: &amp;#39;Times New Roman&amp;#39;, serif&quot;&gt;Java&amp;nbsp;&lt;/span&gt;&lt;span style=&quot;outline: none;font-size: 14px;font-family: &amp;#39;宋体S業.椀&amp;#39;, serif&quot;&gt;的这&lt;/span&gt;&lt;span style=&quot;outline: none;font-size: 14px;font-family: &amp;#39;Times New Roman&amp;#39;, serif&quot;&gt;3&lt;/span&gt;&lt;span style=&quot;outline: none;font-size: 14px;font-family: &amp;#39;宋体S業.椀&amp;#39;, serif&quot;&gt;个版本。&lt;/span&gt;&lt;/p&gt;&lt;p style=&quot;outline: none;font-size: medium;font-family: 黑体;white-space: normal;background-color: rgb(255, 255, 255);text-align: justify;text-indent: 28px&quot;&gt;&lt;strong style=&quot;outline: none&quot;&gt;&lt;span style=&quot;outline: none;font-size: 14px&quot;&gt;注意：&lt;/span&gt;&lt;/strong&gt;&lt;span style=&quot;outline: none;font-size: 14px&quot;&gt;&amp;nbsp;&lt;/span&gt;&lt;span style=&quot;outline: none;font-size: 14px;font-family: 楷体&quot;&gt;在&lt;span style=&quot;outline: none&quot;&gt;Java 6&lt;/span&gt;推出之后，&lt;span style=&quot;outline: none&quot;&gt;J2SE&lt;/span&gt;、&lt;span style=&quot;outline: none&quot;&gt;J2EE&amp;nbsp;&lt;/span&gt;和&lt;span style=&quot;outline: none&quot;&gt;J2ME&amp;nbsp;&lt;/span&gt;正式更名，将名称中的&lt;span style=&quot;outline: none&quot;&gt;2&lt;/span&gt;去掉，更名后分别为&lt;span style=&quot;outline: none&quot;&gt;Java SE&lt;/span&gt;、&lt;span style=&quot;outline: none&quot;&gt;Java EE&amp;nbsp;&lt;/span&gt;和&lt;span style=&quot;outline: none&quot;&gt;Java ME&lt;/span&gt;。&lt;/span&gt;&lt;/p&gt;&lt;p style=&quot;outline: none;margin: 16px 0;text-align: justify;font-size: 14px;font-family: Calibri, sans-serif;white-space: normal;background-color: rgb(255, 255, 255)&quot;&gt;&lt;span style=&quot;outline: none;font-size: 19px;font-family: 黑体&quot;&gt;&amp;nbsp; 1&lt;/span&gt;&lt;span style=&quot;outline: none;font-size: 19px;font-family: 黑体&quot;&gt;．&lt;span style=&quot;outline: none&quot;&gt;Java SE&lt;/span&gt;&lt;/span&gt;&lt;/p&gt;&lt;p style=&quot;outline: none;font-size: medium;font-family: 黑体;white-space: normal;background-color: rgb(255, 255, 255);text-align: justify;text-indent: 29px&quot;&gt;&lt;span style=&quot;outline: none;font-size: 14px;font-family: &amp;#39;Times New Roman&amp;#39;, serif&quot;&gt;Java SE&amp;nbsp;&lt;/span&gt;&lt;span style=&quot;outline: none;font-size: 14px;font-family: &amp;#39;宋体S業.椀&amp;#39;, serif&quot;&gt;是&lt;/span&gt;&lt;span style=&quot;outline: none;font-size: 14px;font-family: &amp;#39;Times New Roman&amp;#39;, serif&quot;&gt;Java&amp;nbsp;&lt;/span&gt;&lt;span style=&quot;outline: none;font-size: 14px;font-family: &amp;#39;宋体S業.椀&amp;#39;, serif&quot;&gt;的标准版，主要用于桌面应用程序的开发，同时也是&lt;/span&gt;&lt;span style=&quot;outline: none;font-size: 14px;font-family: &amp;#39;Times New Roman&amp;#39;, serif&quot;&gt;Java&amp;nbsp;&lt;/span&gt;&lt;span style=&quot;outline: none;font-size: 14px;font-family: &amp;#39;宋体S業.椀&amp;#39;, serif&quot;&gt;的基础，它包含&lt;/span&gt;&lt;span style=&quot;outline: none;font-size: 14px;font-family: &amp;#39;Times New Roman&amp;#39;, serif&quot;&gt;Java&amp;nbsp;&lt;/span&gt;&lt;span style=&quot;outline: none;font-size: 14px;font-family: &amp;#39;宋体S業.椀&amp;#39;, serif&quot;&gt;语言基础、&lt;/span&gt;&lt;span style=&quot;outline: none;font-size: 14px;font-family: &amp;#39;Times New Roman&amp;#39;, serif&quot;&gt;JDBC&lt;/span&gt;&lt;span style=&quot;outline: none;font-size: 14px;font-family: &amp;#39;宋体S業.椀&amp;#39;, serif&quot;&gt;（&lt;/span&gt;&lt;span style=&quot;outline: none;font-size: 14px;font-family: &amp;#39;Times New Roman&amp;#39;, serif&quot;&gt;Java&amp;nbsp;&lt;/span&gt;&lt;span style=&quot;outline: none;font-size: 14px;font-family: &amp;#39;宋体S業.椀&amp;#39;, serif&quot;&gt;数据库连接）操作、&lt;/span&gt;&lt;span style=&quot;outline: none;font-size: 14px;font-family: &amp;#39;Times New Roman&amp;#39;, serif&quot;&gt;I/O&lt;/span&gt;&lt;span style=&quot;outline: none;font-size: 14px;font-family: &amp;#39;宋体S業.椀&amp;#39;, serif&quot;&gt;（输入&lt;/span&gt;&lt;span style=&quot;outline: none;font-size: 14px;font-family: &amp;#39;Times New Roman&amp;#39;, serif&quot;&gt;/&amp;nbsp;&lt;/span&gt;&lt;span style=&quot;outline: none;font-size: 14px;font-family: &amp;#39;宋体S業.椀&amp;#39;, serif&quot;&gt;输出）、多线程等技术。&lt;/span&gt;&lt;/p&gt;&lt;p style=&quot;outline: none;margin: 16px 0;text-align: justify;font-size: 14px;font-family: Calibri, sans-serif;white-space: normal;background-color: rgb(255, 255, 255)&quot;&gt;&lt;span style=&quot;outline: none;font-size: 19px;font-family: 黑体&quot;&gt;&amp;nbsp; 2&lt;/span&gt;&lt;span style=&quot;outline: none;font-size: 19px;font-family: 黑体&quot;&gt;．&lt;span style=&quot;outline: none&quot;&gt;Java EE&lt;/span&gt;&lt;/span&gt;&lt;/p&gt;&lt;p style=&quot;outline: none;font-size: medium;font-family: 黑体;white-space: normal;background-color: rgb(255, 255, 255);text-align: justify;text-indent: 29px&quot;&gt;&lt;span style=&quot;outline: none;font-size: 14px;font-family: &amp;#39;Times New Roman&amp;#39;, serif&quot;&gt;Java EE&amp;nbsp;&lt;/span&gt;&lt;span style=&quot;outline: none;font-size: 14px;font-family: &amp;#39;宋体S業.椀&amp;#39;, serif&quot;&gt;是&lt;/span&gt;&lt;span style=&quot;outline: none;font-size: 14px;font-family: &amp;#39;Times New Roman&amp;#39;, serif&quot;&gt;Java&amp;nbsp;&lt;/span&gt;&lt;span style=&quot;outline: none;font-size: 14px;font-family: &amp;#39;宋体S業.椀&amp;#39;, serif&quot;&gt;的企业版，主要用于开发企业级分布式的网络程序，如电子商务网站和&lt;/span&gt;&lt;span style=&quot;outline: none;font-size: 14px;font-family: &amp;#39;Times New Roman&amp;#39;, serif&quot;&gt;ERP&lt;/span&gt;&lt;span style=&quot;outline: none;font-size: 14px;font-family: &amp;#39;宋体S業.椀&amp;#39;, serif&quot;&gt;（企业资源规划）系统，其核心为&lt;/span&gt;&lt;span style=&quot;outline: none;font-size: 14px;font-family: &amp;#39;Times New Roman&amp;#39;, serif&quot;&gt;EJB&lt;/span&gt;&lt;span style=&quot;outline: none;font-size: 14px;font-family: &amp;#39;宋体S業.椀&amp;#39;, serif&quot;&gt;（企业&lt;/span&gt;&lt;span style=&quot;outline: none;font-size: 14px;font-family: &amp;#39;Times New Roman&amp;#39;, serif&quot;&gt;Java&amp;nbsp;&lt;/span&gt;&lt;span style=&quot;outline: none;font-size: 14px;font-family: &amp;#39;宋体S業.椀&amp;#39;, serif&quot;&gt;组件模型）。&lt;/span&gt;&lt;/p&gt;&lt;p style=&quot;outline: none;margin: 16px 0;text-align: justify;font-size: 14px;font-family: Calibri, sans-serif;white-space: normal;background-color: rgb(255, 255, 255)&quot;&gt;&lt;span style=&quot;outline: none;font-size: 19px;font-family: 黑体&quot;&gt;&amp;nbsp; 3&lt;/span&gt;&lt;span style=&quot;outline: none;font-size: 19px;font-family: 黑体&quot;&gt;．&lt;span style=&quot;outline: none&quot;&gt;Java ME&lt;/span&gt;&lt;/span&gt;&lt;/p&gt;&lt;p style=&quot;outline: none;text-align: justify;font-size: 14px;font-family: Calibri, sans-serif;white-space: normal;background-color: rgb(255, 255, 255);text-indent: 28px&quot;&gt;&lt;span style=&quot;outline: none;font-family: &amp;#39;Times New Roman&amp;#39;, serif&quot;&gt;Java ME&amp;nbsp;&lt;/span&gt;&lt;span style=&quot;outline: none;font-family: &amp;#39;宋体S業.椀&amp;#39;, serif&quot;&gt;主要应用于嵌入式系统开发，如掌上电脑、手机等移动通信电子设备。现在大部分手机厂商所生产的手机都支持&lt;/span&gt;&lt;span style=&quot;outline: none;font-family: &amp;#39;Times New Roman&amp;#39;, serif&quot;&gt;Java&amp;nbsp;&lt;/span&gt;&lt;span style=&quot;outline: none;font-family: &amp;#39;宋体S業.椀&amp;#39;, serif&quot;&gt;技术。&lt;/span&gt;&lt;/p&gt;&lt;p&gt;&lt;br/&gt;&lt;/p&gt;', '', 90, 1, 1686385882),
(3, 1, 'Java API 文档', 'file_5c3c249241b7b.mp4', '&lt;h2 style=&quot;outline: none;margin: 32px 0;text-align: center;break-after: avoid;font-size: 32px;font-family: &amp;#39;Times New Roman&amp;#39;, serif;color: rgb(58, 164, 252);white-space: normal;background-color: rgb(255, 255, 255)&quot;&gt;&lt;span style=&quot;outline: none;font-size: 29px;color: windowtext&quot;&gt;Java API&amp;nbsp;&lt;/span&gt;&lt;span style=&quot;outline: none;font-size: 29px;font-family: 楷体_GB2312;color: windowtext&quot;&gt;文档&lt;/span&gt;&lt;/h2&gt;&lt;p style=&quot;outline: none;font-size: medium;font-family: &amp;#39;黑体_x0007_.弆...&amp;#39;, sans-serif;white-space: normal;background-color: rgb(255, 255, 255);text-align: justify;text-indent: 28px&quot;&gt;&lt;span style=&quot;outline: none;font-size: 14px;font-family: &amp;#39;Times New Roman&amp;#39;, serif&quot;&gt;API&amp;nbsp;&lt;/span&gt;&lt;span style=&quot;outline: none;font-size: 14px;font-family: &amp;#39;宋体e眠副浡渀.&amp;#39;, serif&quot;&gt;的全称是&lt;/span&gt;&lt;span style=&quot;outline: none;font-size: 14px;font-family: &amp;#39;Times New Roman&amp;#39;, serif&quot;&gt;Application Programming Interface&lt;/span&gt;&lt;span style=&quot;outline: none;font-size: 14px;font-family: &amp;#39;宋体e眠副浡渀.&amp;#39;, serif&quot;&gt;，即应用程序编程接口。&lt;/span&gt;&lt;span style=&quot;outline: none;font-size: 14px;font-family: &amp;#39;Times New Roman&amp;#39;, serif&quot;&gt;Java API&amp;nbsp;&lt;/span&gt;&lt;span style=&quot;outline: none;font-size: 14px;font-family: &amp;#39;宋体e眠副浡渀.&amp;#39;, serif&quot;&gt;文档是&lt;/span&gt;&lt;span style=&quot;outline: none;font-size: 14px;font-family: &amp;#39;Times New Roman&amp;#39;, serif&quot;&gt;Java&amp;nbsp;&lt;/span&gt;&lt;span style=&quot;outline: none;font-size: 14px;font-family: &amp;#39;宋体e眠副浡渀.&amp;#39;, serif&quot;&gt;程序开发过程中不可缺少的编程词典，它记录了&lt;/span&gt;&lt;span style=&quot;outline: none;font-size: 14px;font-family: &amp;#39;Times New Roman&amp;#39;, serif&quot;&gt;Java&amp;nbsp;&lt;/span&gt;&lt;span style=&quot;outline: none;font-size: 14px;font-family: &amp;#39;宋体e眠副浡渀.&amp;#39;, serif&quot;&gt;语言中海量的&lt;/span&gt;&lt;span style=&quot;outline: none;font-size: 14px;font-family: &amp;#39;Times New Roman&amp;#39;, serif&quot;&gt;API&lt;/span&gt;&lt;span style=&quot;outline: none;font-size: 14px;font-family: &amp;#39;宋体e眠副浡渀.&amp;#39;, serif&quot;&gt;，主要包括类的继承结构、成员变量、成员方法、构造方法、静态成员的描述信息和详细说明等内容。可以在网站&lt;/span&gt;&lt;span style=&quot;outline: none;font-size: 14px;font-family: &amp;#39;Times New Roman&amp;#39;, serif&quot;&gt;http://docs.oracle. com/javase/8/docs/api/index.html&amp;nbsp;&lt;/span&gt;&lt;span style=&quot;outline: none;font-size: 14px;font-family: &amp;#39;宋体e眠副浡渀.&amp;#39;, serif&quot;&gt;中找到&lt;/span&gt;&lt;span style=&quot;outline: none;font-size: 14px;font-family: &amp;#39;Times New Roman&amp;#39;, serif&quot;&gt;Java SE 8&amp;nbsp;&lt;/span&gt;&lt;span style=&quot;outline: none;font-size: 14px;font-family: &amp;#39;宋体e眠副浡渀.&amp;#39;, serif&quot;&gt;的&amp;nbsp;&lt;/span&gt;&lt;span style=&quot;outline: none;font-size: 14px;font-family: &amp;#39;Times New Roman&amp;#39;, serif&quot;&gt;API&amp;nbsp;&lt;/span&gt;&lt;span style=&quot;outline: none;font-size: 14px;font-family: &amp;#39;宋体e眠副浡渀.&amp;#39;, serif&quot;&gt;文档&lt;/span&gt;&lt;span style=&quot;outline: none;font-size: 14px;font-family: &amp;#39;宋体e眠副浡渀.&amp;#39;, serif&quot;&gt;。&lt;/span&gt;&lt;/p&gt;&lt;p&gt;&lt;br/&gt;&lt;/p&gt;', '', 80, 1, 1686581867),
(4, 1, 'JDK 的下载', 'file_5c3c258b55c89.mp4', '&lt;h2 style=&quot;outline: none;margin: 32px 0;text-align: center;break-after: avoid;font-size: 32px;font-family: &amp;#39;Times New Roman&amp;#39;, serif;color: rgb(58, 164, 252);white-space: normal;background-color: rgb(255, 255, 255)&quot;&gt;&lt;span style=&quot;outline: none;font-size: 29px;color: windowtext&quot;&gt;JDK&amp;nbsp;&lt;/span&gt;&lt;span style=&quot;outline: none;font-size: 29px;font-family: 楷体_GB2312;color: windowtext&quot;&gt;的下载&lt;/span&gt;&lt;/h2&gt;&lt;p style=&quot;outline: none;font-size: medium;font-family: &amp;#39;黑体_x0007_.弆...&amp;#39;, sans-serif;white-space: normal;background-color: rgb(255, 255, 255);text-align: justify;text-indent: 28px&quot;&gt;&lt;span style=&quot;outline: none;font-size: 14px;font-family: &amp;#39;Times New Roman&amp;#39;, serif&quot;&gt;Java&amp;nbsp;&lt;/span&gt;&lt;span style=&quot;outline: none;font-size: 14px;font-family: &amp;#39;宋体e眠副浡渀.&amp;#39;, serif&quot;&gt;的&lt;/span&gt;&lt;span style=&quot;outline: none;font-size: 14px;font-family: &amp;#39;Times New Roman&amp;#39;, serif&quot;&gt;JDK&amp;nbsp;&lt;/span&gt;&lt;span style=&quot;outline: none;font-size: 14px;font-family: &amp;#39;宋体e眠副浡渀.&amp;#39;, serif&quot;&gt;是&lt;/span&gt;&lt;span style=&quot;outline: none;font-size: 14px;font-family: &amp;#39;Times New Roman&amp;#39;, serif&quot;&gt;Sun&amp;nbsp;&lt;/span&gt;&lt;span style=&quot;outline: none;font-size: 14px;font-family: &amp;#39;宋体e眠副浡渀.&amp;#39;, serif&quot;&gt;公司的产品。由于&lt;/span&gt;&lt;span style=&quot;outline: none;font-size: 14px;font-family: &amp;#39;Times New Roman&amp;#39;, serif&quot;&gt;Sun&amp;nbsp;&lt;/span&gt;&lt;span style=&quot;outline: none;font-size: 14px;font-family: &amp;#39;宋体e眠副浡渀.&amp;#39;, serif&quot;&gt;公司已经被&lt;/span&gt;&lt;span style=&quot;outline: none;font-size: 14px;font-family: &amp;#39;Times New Roman&amp;#39;, serif&quot;&gt;Oracle&amp;nbsp;&lt;/span&gt;&lt;span style=&quot;outline: none;font-size: 14px;font-family: &amp;#39;宋体e眠副浡渀.&amp;#39;, serif&quot;&gt;公司收购，因此&lt;/span&gt;&lt;span style=&quot;outline: none;font-size: 14px;font-family: &amp;#39;Times New Roman&amp;#39;, serif&quot;&gt;JDK&amp;nbsp;&lt;/span&gt;&lt;span style=&quot;outline: none;font-size: 14px;font-family: &amp;#39;宋体e眠副浡渀.&amp;#39;, serif&quot;&gt;可以在&lt;/span&gt;&lt;span style=&quot;outline: none;font-size: 14px;font-family: &amp;#39;Times New Roman&amp;#39;, serif&quot;&gt;Oracle&amp;nbsp;&lt;/span&gt;&lt;span style=&quot;outline: none;font-size: 14px;font-family: &amp;#39;宋体e眠副浡渀.&amp;#39;, serif&quot;&gt;公司的官方网站&lt;/span&gt;&lt;span style=&quot;outline: none;font-size: 14px;font-family: &amp;#39;Times New Roman&amp;#39;, serif&quot;&gt;http://www.oracle.com/index.html&lt;/span&gt;&lt;span style=&quot;outline: none;font-size: 14px;font-family: &amp;#39;宋体e眠副浡渀.&amp;#39;, serif&quot;&gt;下载。&lt;/span&gt;&lt;/p&gt;&lt;p style=&quot;outline: none;font-size: medium;font-family: &amp;#39;黑体_x0007_.弆...&amp;#39;, sans-serif;white-space: normal;background-color: rgb(255, 255, 255);text-align: justify;text-indent: 29px&quot;&gt;&lt;span style=&quot;outline: none;font-size: 14px;font-family: &amp;#39;宋体e眠副浡渀.&amp;#39;, serif&quot;&gt;下面介绍下载&lt;/span&gt;&lt;span style=&quot;outline: none;font-size: 14px;font-family: &amp;#39;Times New Roman&amp;#39;, serif&quot;&gt;JDK&amp;nbsp;&lt;/span&gt;&lt;span style=&quot;outline: none;font-size: 14px;font-family: &amp;#39;宋体e眠副浡渀.&amp;#39;, serif&quot;&gt;的方法，具体步骤如下：&lt;/span&gt;&lt;/p&gt;&lt;p style=&quot;outline: none;text-align: justify;font-size: 14px;font-family: Calibri, sans-serif;white-space: normal;background-color: rgb(255, 255, 255);text-indent: 28px&quot;&gt;&lt;span style=&quot;outline: none;font-family: &amp;#39;宋体e眠副浡渀.&amp;#39;, serif&quot;&gt;（1）&lt;/span&gt;&lt;span style=&quot;outline: none;font-family: &amp;#39;宋体e眠副浡渀.&amp;#39;, serif&quot;&gt;打开浏览器（推荐&lt;/span&gt;&lt;span style=&quot;outline: none;font-family: &amp;#39;Times New Roman&amp;#39;, serif&quot;&gt;IE&amp;nbsp;&lt;/span&gt;&lt;span style=&quot;outline: none;font-family: &amp;#39;宋体e眠副浡渀.&amp;#39;, serif&quot;&gt;浏览器），输入网址&lt;/span&gt;&lt;span style=&quot;outline: none;font-family: &amp;#39;Times New Roman&amp;#39;, serif&quot;&gt;http://www.oracle.com/index.html&lt;/span&gt;&lt;span style=&quot;outline: none;font-family: &amp;#39;宋体e眠副浡渀.&amp;#39;, serif&quot;&gt;，打开&lt;/span&gt;&lt;span style=&quot;outline: none;font-family: &amp;#39;Times New Roman&amp;#39;, serif&quot;&gt;Oracle&amp;nbsp;&lt;/span&gt;&lt;span style=&quot;outline: none;font-family: &amp;#39;宋体e眠副浡渀.&amp;#39;, serif&quot;&gt;官方主页。将鼠标移动到官方主页的&lt;/span&gt;&lt;span style=&quot;outline: none;font-family: &amp;#39;Times New Roman&amp;#39;, serif&quot;&gt;Menu&amp;nbsp;&lt;/span&gt;&lt;span style=&quot;outline: none;font-family: &amp;#39;宋体e眠副浡渀.&amp;#39;, serif&quot;&gt;上，在弹出的菜单中，选择&lt;/span&gt;&lt;span style=&quot;outline: none;font-family: &amp;#39;Times New Roman&amp;#39;, serif&quot;&gt;Database and Technologies&amp;nbsp;&lt;/span&gt;&lt;span style=&quot;outline: none;font-family: &amp;#39;宋体e眠副浡渀.&amp;#39;, serif&quot;&gt;→&amp;nbsp;&lt;/span&gt;&lt;span style=&quot;outline: none;font-family: &amp;#39;Times New Roman&amp;#39;, serif&quot;&gt;Java&amp;nbsp;&lt;/span&gt;&lt;span style=&quot;outline: none;font-family: &amp;#39;宋体e眠副浡渀.&amp;#39;, serif&quot;&gt;→&amp;nbsp;&lt;/span&gt;&lt;span style=&quot;outline: none;font-family: &amp;#39;Times New Roman&amp;#39;, serif&quot;&gt;Java SE&lt;/span&gt;&lt;span style=&quot;outline: none;font-family: &amp;#39;宋体e眠副浡渀.&amp;#39;, serif&quot;&gt;。&lt;/span&gt;&lt;/p&gt;&lt;p style=&quot;outline: none;text-align: justify;font-size: 14px;font-family: Calibri, sans-serif;white-space: normal;background-color: rgb(255, 255, 255);text-indent: 28px&quot;&gt;&lt;span style=&quot;outline: none;font-family: &amp;#39;宋体e眠副浡渀.&amp;#39;, serif&quot;&gt;&lt;span style=&quot;outline: none;font-size: 14px;text-align: justify;text-indent: 28px;background-color: rgb(255, 255, 255);font-family: &amp;#39;宋体_x0007_.弆...&amp;#39;, serif&quot;&gt;（2）&lt;/span&gt;&lt;span style=&quot;outline: none;font-size: 14px;text-align: justify;text-indent: 28px;background-color: rgb(255, 255, 255);font-family: &amp;#39;宋体_x0007_.弆...&amp;#39;, serif&quot;&gt;在&lt;/span&gt;&lt;span style=&quot;outline: none;font-size: 14px;text-align: justify;text-indent: 28px;background-color: rgb(255, 255, 255);font-family: &amp;#39;Times New Roman&amp;#39;, serif&quot;&gt;Java SE&amp;nbsp;&lt;/span&gt;&lt;span style=&quot;outline: none;font-size: 14px;text-align: justify;text-indent: 28px;background-color: rgb(255, 255, 255);font-family: &amp;#39;宋体_x0007_.弆...&amp;#39;, serif&quot;&gt;页面中，找到&lt;/span&gt;&lt;span style=&quot;outline: none;font-size: 14px;text-align: justify;text-indent: 28px;background-color: rgb(255, 255, 255);font-family: &amp;#39;Times New Roman&amp;#39;, serif&quot;&gt;Get Started&amp;nbsp;&lt;/span&gt;&lt;span style=&quot;outline: none;font-size: 14px;text-align: justify;text-indent: 28px;background-color: rgb(255, 255, 255);font-family: &amp;#39;宋体_x0007_.弆...&amp;#39;, serif&quot;&gt;版块&lt;/span&gt;&lt;span style=&quot;outline: none;font-size: 14px;text-align: justify;text-indent: 28px;background-color: rgb(255, 255, 255);font-family: &amp;#39;宋体_x0007_.弆...&amp;#39;, serif&quot;&gt;。&lt;/span&gt;&lt;/span&gt;&lt;/p&gt;&lt;p style=&quot;outline: none;text-align: justify;font-size: 14px;font-family: Calibri, sans-serif;white-space: normal;background-color: rgb(255, 255, 255);text-indent: 28px&quot;&gt;&lt;span style=&quot;outline: none;font-family: &amp;#39;宋体e眠副浡渀.&amp;#39;, serif&quot;&gt;&lt;span style=&quot;outline: none;font-size: 14px;text-align: justify;text-indent: 28px;background-color: rgb(255, 255, 255);font-family: &amp;#39;宋体_x0007_.弆...&amp;#39;, serif&quot;&gt;&lt;span style=&quot;outline: none;font-size: 14px;text-align: justify;text-indent: 28px;background-color: rgb(255, 255, 255);font-family: &amp;#39;宋体_x0007_.弆...&amp;#39;, serif&quot;&gt;（3）&lt;/span&gt;&lt;span style=&quot;outline: none;font-size: 14px;text-align: justify;text-indent: 28px;background-color: rgb(255, 255, 255);font-family: &amp;#39;宋体_x0007_.弆...&amp;#39;, serif&quot;&gt;在&lt;/span&gt;&lt;span style=&quot;outline: none;font-size: 14px;text-align: justify;text-indent: 28px;background-color: rgb(255, 255, 255);font-family: &amp;#39;Times New Roman&amp;#39;, serif&quot;&gt;JDK&amp;nbsp;&lt;/span&gt;&lt;span style=&quot;outline: none;font-size: 14px;text-align: justify;text-indent: 28px;background-color: rgb(255, 255, 255);font-family: &amp;#39;宋体_x0007_.弆...&amp;#39;, serif&quot;&gt;的下载页面中，单击&lt;/span&gt;&lt;span style=&quot;outline: none;font-size: 14px;text-align: justify;text-indent: 28px;background-color: rgb(255, 255, 255);font-family: &amp;#39;Times New Roman&amp;#39;, serif&quot;&gt;JDK&amp;nbsp;&lt;/span&gt;&lt;span style=&quot;outline: none;font-size: 14px;text-align: justify;text-indent: 28px;background-color: rgb(255, 255, 255);font-family: &amp;#39;宋体_x0007_.弆...&amp;#39;, serif&quot;&gt;区域中的&lt;/span&gt;&lt;span style=&quot;outline: none;font-size: 14px;text-align: justify;text-indent: 28px;background-color: rgb(255, 255, 255);font-family: &amp;#39;Times New Roman&amp;#39;, serif&quot;&gt;DOW&lt;/span&gt;&lt;span style=&quot;outline: none;font-size: 14px;text-align: justify;text-indent: 28px;background-color: rgb(255, 255, 255);font-family: &amp;#39;宋体_x0007_.弆...&amp;#39;, serif&quot;&gt;。&lt;/span&gt;&lt;/span&gt;&lt;/span&gt;&lt;/p&gt;&lt;p style=&quot;outline: none;text-align: justify;font-size: 14px;font-family: Calibri, sans-serif;white-space: normal;background-color: rgb(255, 255, 255);text-indent: 28px&quot;&gt;&lt;span style=&quot;outline: none;font-family: &amp;#39;宋体e眠副浡渀.&amp;#39;, serif&quot;&gt;&lt;span style=&quot;outline: none;font-size: 14px;text-align: justify;text-indent: 28px;background-color: rgb(255, 255, 255);font-family: &amp;#39;宋体_x0007_.弆...&amp;#39;, serif&quot;&gt;&lt;span style=&quot;outline: none;font-size: 14px;text-align: justify;text-indent: 28px;background-color: rgb(255, 255, 255);font-family: &amp;#39;宋体_x0007_.弆...&amp;#39;, serif&quot;&gt;&lt;span style=&quot;outline: none;font-size: 14px;text-align: justify;text-indent: 28px;background-color: rgb(255, 255, 255);font-family: &amp;#39;宋体_x0007_.弆...&amp;#39;, serif&quot;&gt;（4）&lt;/span&gt;&lt;span style=&quot;outline: none;font-size: 14px;text-align: justify;text-indent: 28px;background-color: rgb(255, 255, 255);font-family: &amp;#39;宋体_x0007_.弆...&amp;#39;, serif&quot;&gt;在&lt;/span&gt;&lt;span style=&quot;outline: none;font-size: 14px;text-align: justify;text-indent: 28px;background-color: rgb(255, 255, 255);font-family: &amp;#39;Times New Roman&amp;#39;, serif&quot;&gt;JDK&amp;nbsp;&lt;/span&gt;&lt;span style=&quot;outline: none;font-size: 14px;text-align: justify;text-indent: 28px;background-color: rgb(255, 255, 255);font-family: &amp;#39;宋体_x0007_.弆...&amp;#39;, serif&quot;&gt;的下载列表中，首先选中&lt;/span&gt;&lt;span style=&quot;outline: none;font-size: 14px;text-align: justify;text-indent: 28px;background-color: rgb(255, 255, 255);font-family: &amp;#39;Times New Roman&amp;#39;, serif&quot;&gt;Accept License Agreement&amp;nbsp;&lt;/span&gt;&lt;span style=&quot;outline: none;font-size: 14px;text-align: justify;text-indent: 28px;background-color: rgb(255, 255, 255);font-family: &amp;#39;宋体_x0007_.弆...&amp;#39;, serif&quot;&gt;单选按钮，然后根据操作系统的位数选择适当版本的&lt;/span&gt;&lt;span style=&quot;outline: none;font-size: 14px;text-align: justify;text-indent: 28px;background-color: rgb(255, 255, 255);font-family: &amp;#39;Times New Roman&amp;#39;, serif&quot;&gt;JDK&amp;nbsp;&lt;/span&gt;&lt;span style=&quot;outline: none;font-size: 14px;text-align: justify;text-indent: 28px;background-color: rgb(255, 255, 255);font-family: &amp;#39;宋体_x0007_.弆...&amp;#39;, serif&quot;&gt;进行下载。如果是&lt;/span&gt;&lt;span style=&quot;outline: none;font-size: 14px;text-align: justify;text-indent: 28px;background-color: rgb(255, 255, 255);font-family: &amp;#39;Times New Roman&amp;#39;, serif&quot;&gt;64&lt;/span&gt;&lt;span style=&quot;outline: none;font-size: 14px;text-align: justify;text-indent: 28px;background-color: rgb(255, 255, 255);font-family: &amp;#39;宋体_x0007_.弆...&amp;#39;, serif&quot;&gt;位的&lt;/span&gt;&lt;span style=&quot;outline: none;font-size: 14px;text-align: justify;text-indent: 28px;background-color: rgb(255, 255, 255);font-family: &amp;#39;Times New Roman&amp;#39;, serif&quot;&gt;Windows&amp;nbsp;&lt;/span&gt;&lt;span style=&quot;outline: none;font-size: 14px;text-align: justify;text-indent: 28px;background-color: rgb(255, 255, 255);font-family: &amp;#39;宋体_x0007_.弆...&amp;#39;, serif&quot;&gt;操作系统，那么需要下载&lt;/span&gt;&lt;span style=&quot;outline: none;font-size: 14px;text-align: justify;text-indent: 28px;background-color: rgb(255, 255, 255);font-family: &amp;#39;Times New Roman&amp;#39;, serif&quot;&gt;jdk-8u121- windows-x64.exe&amp;nbsp;&lt;/span&gt;&lt;span style=&quot;outline: none;font-size: 14px;text-align: justify;text-indent: 28px;background-color: rgb(255, 255, 255);font-family: &amp;#39;宋体_x0007_.弆...&amp;#39;, serif&quot;&gt;文件，直接单击该文件的超链接即可。&lt;/span&gt;&lt;/span&gt;&lt;/span&gt;&lt;/span&gt;&lt;/p&gt;&lt;p style=&quot;outline: none;text-align: justify;font-size: 14px;font-family: Calibri, sans-serif;white-space: normal;background-color: rgb(255, 255, 255);text-indent: 28px&quot;&gt;&lt;span style=&quot;outline: none;font-family: &amp;#39;宋体e眠副浡渀.&amp;#39;, serif&quot;&gt;&lt;span style=&quot;outline: none;font-size: 14px;text-align: justify;text-indent: 28px;background-color: rgb(255, 255, 255);font-family: &amp;#39;宋体_x0007_.弆...&amp;#39;, serif&quot;&gt;&lt;span style=&quot;outline: none;font-size: 14px;text-align: justify;text-indent: 28px;background-color: rgb(255, 255, 255);font-family: &amp;#39;宋体_x0007_.弆...&amp;#39;, serif&quot;&gt;&lt;span style=&quot;outline: none;font-size: 14px;text-align: justify;text-indent: 28px;background-color: rgb(255, 255, 255);font-family: &amp;#39;宋体_x0007_.弆...&amp;#39;, serif&quot;&gt;&lt;strong style=&quot;outline: none;font-family: Calibri, sans-serif;font-size: 14px;text-align: justify;text-indent: 28px;white-space: normal;background-color: rgb(255, 255, 255)&quot;&gt;&lt;span style=&quot;outline: none;font-family: 黑体_x0006_ū怆, sans-serif&quot;&gt;说明：&lt;/span&gt;&lt;/strong&gt;&lt;span style=&quot;outline: none;font-size: 14px;text-align: justify;text-indent: 28px;background-color: rgb(255, 255, 255);font-family: 黑体_x0006_ū怆, sans-serif&quot;&gt;&amp;nbsp;&lt;/span&gt;&lt;span style=&quot;outline: none;font-size: 14px;text-align: justify;text-indent: 28px;background-color: rgb(255, 255, 255);font-family: 楷体&quot;&gt;这里下载的&lt;span style=&quot;outline: none&quot;&gt;JDK&amp;nbsp;&lt;/span&gt;版本是笔者编写本书时的最新版本，由于&lt;span style=&quot;outline: none&quot;&gt;JDK&amp;nbsp;&lt;/span&gt;的版本更新比较快，因此， 读者下载&lt;span style=&quot;outline: none&quot;&gt;JDK&amp;nbsp;&lt;/span&gt;时，如果没有&lt;span style=&quot;outline: none&quot;&gt;JDK 8u121&amp;nbsp;&lt;/span&gt;版本，可以直接下载最新版本的&lt;span style=&quot;outline: none&quot;&gt;JDK&amp;nbsp;&lt;/span&gt;进行使用。此外，如果读者是&lt;span style=&quot;outline: none&quot;&gt;32&amp;nbsp;&lt;/span&gt;位的&lt;span style=&quot;outline: none&quot;&gt;Windows&amp;nbsp;&lt;/span&gt;操作系统，需选择下载图&lt;span style=&quot;outline: none&quot;&gt;1.8&amp;nbsp;&lt;/span&gt;中的&lt;span style=&quot;outline: none&quot;&gt;jdk-8u121-windows-i586.exe&lt;/span&gt;文件。&lt;/span&gt;&lt;/span&gt;&lt;/span&gt;&lt;/span&gt;&lt;/span&gt;&lt;/p&gt;&lt;p&gt;&lt;br/&gt;&lt;/p&gt;', '', 70, 1, 1686889885),
(5, 1, 'JDK 的安装', 'file_5c3c2642e53db.mp4', '&lt;h2 style=&quot;outline: none;margin: 32px 0;text-align: center;break-after: avoid;font-size: 32px;font-family: &amp;#39;Times New Roman&amp;#39;, serif;color: rgb(58, 164, 252);white-space: normal;background-color: rgb(255, 255, 255)&quot;&gt;&lt;span style=&quot;outline: none;font-size: 29px;color: windowtext&quot;&gt;JDK&amp;nbsp;&lt;/span&gt;&lt;span style=&quot;outline: none;font-size: 29px;font-family: 楷体_GB2312;color: windowtext&quot;&gt;的安装&lt;/span&gt;&amp;nbsp;&lt;/h2&gt;&lt;p style=&quot;outline: none;font-size: medium;font-family: &amp;#39;黑体_x0007_.弆...&amp;#39;, sans-serif;white-space: normal;background-color: rgb(255, 255, 255);text-align: justify;text-indent: 29px&quot;&gt;&lt;span style=&quot;outline: none;font-size: 14px;font-family: 宋体&quot;&gt;下载&lt;span style=&quot;outline: none&quot;&gt;Windows&amp;nbsp;&lt;/span&gt;平台的&lt;span style=&quot;outline: none&quot;&gt;JDK&amp;nbsp;&lt;/span&gt;安装文件&lt;span style=&quot;outline: none&quot;&gt;jdk-8u121-windows-x64.exe&amp;nbsp;&lt;/span&gt;后即可安装，步骤如下：&lt;/span&gt;&lt;/p&gt;&lt;p style=&quot;outline: none;font-size: medium;font-family: &amp;#39;黑体_x0007_.弆...&amp;#39;, sans-serif;white-space: normal;background-color: rgb(255, 255, 255);text-align: justify;text-indent: 29px&quot;&gt;&lt;span style=&quot;outline: none;font-size: 14px;font-family: 宋体&quot;&gt;（&lt;span style=&quot;outline: none&quot;&gt;1&lt;/span&gt;）双击已下载的安装文件，将弹出欢迎对话框，单击“下一步”按钮。&lt;/span&gt;&lt;/p&gt;&lt;p style=&quot;outline: none;text-align: justify;font-size: 14px;font-family: Calibri, sans-serif;white-space: normal;background-color: rgb(255, 255, 255);text-indent: 28px&quot;&gt;&lt;span style=&quot;outline: none;font-family: 宋体&quot;&gt;（&lt;span style=&quot;outline: none&quot;&gt;2&lt;/span&gt;）在弹出“定制安装”对话框中，既可以选择安装的功能组件（具体的功能组件， 详见“&lt;span style=&quot;outline: none&quot;&gt;1.7&amp;nbsp;&lt;/span&gt;难点解答”），又可以更改&lt;span style=&quot;outline: none&quot;&gt;JDK&amp;nbsp;&lt;/span&gt;的安装路径，这里选择默认设置后，单击“下一步”按钮。&lt;/span&gt;&lt;/p&gt;&lt;p style=&quot;outline: none;text-align: justify;font-size: 14px;font-family: Calibri, sans-serif;white-space: normal;background-color: rgb(255, 255, 255);text-indent: 28px&quot;&gt;&lt;span style=&quot;outline: none;font-family: 宋体&quot;&gt;&lt;/span&gt;&lt;/p&gt;&lt;p style=&quot;outline: none;font-size: medium;font-family: &amp;#39;黑体_x0007_.弆...&amp;#39;, sans-serif;white-space: normal;background-color: rgb(255, 255, 255);text-align: justify;text-indent: 29px&quot;&gt;&lt;span style=&quot;outline: none;font-size: 14px;font-family: &amp;#39;宋体_x0007_.弆...&amp;#39;, serif&quot;&gt;（&lt;/span&gt;&lt;span style=&quot;outline: none;font-size: 14px;font-family: &amp;#39;Times New Roman&amp;#39;, serif&quot;&gt;3&lt;/span&gt;&lt;span style=&quot;outline: none;font-size: 14px;font-family: &amp;#39;宋体_x0007_.弆...&amp;#39;, serif&quot;&gt;）在弹出&lt;/span&gt;&lt;span style=&quot;outline: none;font-size: 14px;font-family: &amp;#39;宋体_x0007_.弆...&amp;#39;, serif&quot;&gt;&lt;span style=&quot;outline: none&quot;&gt;“&lt;/span&gt;目标文件夹&lt;span style=&quot;outline: none&quot;&gt;”&lt;/span&gt;对话框中，确认&lt;/span&gt;&lt;span style=&quot;outline: none;font-size: 14px;font-family: &amp;#39;Times New Roman&amp;#39;, serif&quot;&gt;JDK&amp;nbsp;&lt;/span&gt;&lt;span style=&quot;outline: none;font-size: 14px;font-family: &amp;#39;宋体_x0007_.弆...&amp;#39;, serif&quot;&gt;的安装路径&lt;/span&gt;&lt;span style=&quot;outline: none;font-size: 14px;font-family: &amp;#39;Times New Roman&amp;#39;, serif&quot;&gt;C:\\Program Files\\ Java\\jdk1.8.0_121\\&amp;nbsp;&lt;/span&gt;&lt;span style=&quot;outline: none;font-size: 14px;font-family: &amp;#39;宋体_x0007_.弆...&amp;#39;, serif&quot;&gt;后，〈&lt;/span&gt;&lt;span style=&quot;outline: none;font-size: 14px;font-family: &amp;#39;Times New Roman&amp;#39;, serif&quot;&gt;Ctrl+C&lt;/span&gt;&lt;span style=&quot;outline: none;font-size: 14px;font-family: &amp;#39;宋体_x0007_.弆...&amp;#39;, serif&quot;&gt;〉复制&lt;/span&gt;&lt;span style=&quot;outline: none;font-size: 14px;font-family: &amp;#39;Times New Roman&amp;#39;, serif&quot;&gt;JDK&amp;nbsp;&lt;/span&gt;&lt;span style=&quot;outline: none;font-size: 14px;font-family: &amp;#39;宋体_x0007_.弆...&amp;#39;, serif&quot;&gt;安装路径，单击&lt;span style=&quot;outline: none&quot;&gt;“&lt;/span&gt;下一步&lt;span style=&quot;outline: none&quot;&gt;”&lt;/span&gt;按钮，即可安装&lt;/span&gt;&lt;span style=&quot;outline: none;font-size: 14px;font-family: &amp;#39;Times New Roman&amp;#39;, serif&quot;&gt;JDK&lt;/span&gt;&lt;span style=&quot;outline: none;font-size: 14px;font-family: &amp;#39;宋体_x0007_.弆...&amp;#39;, serif&quot;&gt;。&lt;/span&gt;&lt;/p&gt;&lt;p style=&quot;outline: none;text-align: justify;font-size: 14px;font-family: Calibri, sans-serif;white-space: normal;background-color: rgb(255, 255, 255);text-indent: 28px&quot;&gt;&lt;span style=&quot;outline: none;font-family: &amp;#39;宋体_x0007_.弆...&amp;#39;, serif&quot;&gt;（&lt;/span&gt;&lt;span style=&quot;outline: none;font-family: &amp;#39;Times New Roman&amp;#39;, serif&quot;&gt;4&lt;/span&gt;&lt;span style=&quot;outline: none;font-family: &amp;#39;宋体_x0007_.弆...&amp;#39;, serif&quot;&gt;）在安装&lt;/span&gt;&lt;span style=&quot;outline: none;font-family: &amp;#39;Times New Roman&amp;#39;, serif&quot;&gt;JDK&amp;nbsp;&lt;/span&gt;&lt;span style=&quot;outline: none;font-family: &amp;#39;宋体_x0007_.弆...&amp;#39;, serif&quot;&gt;过程中，会弹出&lt;/span&gt;&lt;span style=&quot;outline: none;font-family: &amp;#39;Times New Roman&amp;#39;, serif&quot;&gt;JRE&amp;nbsp;&lt;/span&gt;&lt;span style=&quot;outline: none;font-family: &amp;#39;宋体_x0007_.弆...&amp;#39;, serif&quot;&gt;的&lt;span style=&quot;outline: none&quot;&gt;“&lt;/span&gt;目标文件夹&lt;span style=&quot;outline: none&quot;&gt;”&lt;/span&gt;对话框，使用&lt;/span&gt;&lt;span style=&quot;outline: none;font-family: &amp;#39;Times New Roman&amp;#39;, serif&quot;&gt;JRE&amp;nbsp;&lt;/span&gt;&lt;span style=&quot;outline: none;font-family: &amp;#39;宋体_x0007_.弆...&amp;#39;, serif&quot;&gt;默认的安装路径，单击&lt;span style=&quot;outline: none&quot;&gt;“&lt;/span&gt;下一步&lt;span style=&quot;outline: none&quot;&gt;”&lt;/span&gt;按钮，即可安装&lt;/span&gt;&lt;span style=&quot;outline: none;font-family: &amp;#39;Times New Roman&amp;#39;, serif&quot;&gt;JDK&lt;/span&gt;&lt;span style=&quot;outline: none;font-family: &amp;#39;宋体_x0007_.弆...&amp;#39;, serif&quot;&gt;。&lt;/span&gt;&lt;/p&gt;&lt;p style=&quot;outline: none;text-align: justify;font-size: 14px;font-family: Calibri, sans-serif;white-space: normal;background-color: rgb(255, 255, 255);text-indent: 28px&quot;&gt;&lt;span style=&quot;outline: none;font-family: &amp;#39;宋体_x0007_.弆...&amp;#39;, serif&quot;&gt;&lt;/span&gt;&lt;/p&gt;&lt;p style=&quot;outline: none;margin: 0 66px 0 0;text-align: justify;font-size: 14px;font-family: 宋体;white-space: normal;background-color: rgb(255, 255, 255);text-indent: 28px;line-height: 14.42px&quot;&gt;&lt;span style=&quot;outline: none;font-family: &amp;#39;宋体_x0001_.&amp;#39;, serif&quot;&gt;（5）&lt;/span&gt;&lt;span style=&quot;outline: none;font-family: &amp;#39;宋体_x0001_.&amp;#39;, serif&quot;&gt;完成&lt;/span&gt;&lt;span style=&quot;outline: none;font-family: &amp;#39;Times New Roman&amp;#39;, serif&quot;&gt;JDK&amp;nbsp;&lt;/span&gt;&lt;span style=&quot;outline: none;font-family: &amp;#39;宋体_x0001_.&amp;#39;, serif&quot;&gt;和&lt;/span&gt;&lt;span style=&quot;outline: none;font-family: &amp;#39;Times New Roman&amp;#39;, serif&quot;&gt;JRE&amp;nbsp;&lt;/span&gt;&lt;span style=&quot;outline: none;font-family: &amp;#39;宋体_x0001_.&amp;#39;, serif&quot;&gt;的安装后，将弹出&lt;/span&gt;&lt;span style=&quot;outline: none;font-family: &amp;#39;宋体_x0001_.&amp;#39;, serif&quot;&gt;&lt;span style=&quot;outline: none&quot;&gt;“&lt;/span&gt;完成&lt;span style=&quot;outline: none&quot;&gt;”&lt;/span&gt;对话框，单击&lt;span style=&quot;outline: none&quot;&gt;“&lt;/span&gt;关闭&lt;span style=&quot;outline: none&quot;&gt;”&lt;/span&gt;按钮。&lt;/span&gt;&lt;/p&gt;&lt;p style=&quot;outline: none;font-size: medium;font-family: &amp;#39;黑体_x0007_.弆...&amp;#39;, sans-serif;white-space: normal;background-color: rgb(255, 255, 255);text-align: justify;text-indent: 28px&quot;&gt;&lt;strong style=&quot;outline: none&quot;&gt;&lt;span style=&quot;outline: none;font-size: 14px;font-family: 黑体_x0006_ū怆, sans-serif&quot;&gt;注意：&lt;/span&gt;&lt;/strong&gt;&lt;span style=&quot;outline: none;font-size: 14px;font-family: 黑体_x0006_ū怆, sans-serif&quot;&gt;&amp;nbsp;&lt;/span&gt;&lt;span style=&quot;outline: none;font-size: 14px;font-family: 楷体&quot;&gt;在安装&lt;span style=&quot;outline: none&quot;&gt;JDK&amp;nbsp;&lt;/span&gt;时，不要同时运行其他的安装程序，以免出现冲突。&lt;/span&gt;&lt;/p&gt;&lt;p style=&quot;outline: none;margin: 0 66px 0 0;font-size: 14px;font-family: 宋体;white-space: normal;background-color: rgb(255, 255, 255);text-indent: 28px;line-height: 14.42px&quot;&gt;&lt;strong style=&quot;outline: none&quot;&gt;&lt;span style=&quot;outline: none;font-family: 黑体_x0006_ū怆, sans-serif&quot;&gt;说明：&amp;nbsp;&lt;/span&gt;&lt;/strong&gt;&lt;span style=&quot;outline: none;font-family: 楷体&quot;&gt;JDK&lt;/span&gt;&lt;span style=&quot;outline: none;font-family: 楷体&quot;&gt;（&lt;span style=&quot;outline: none&quot;&gt;Java Development Kit&lt;/span&gt;）包括了&lt;span style=&quot;outline: none&quot;&gt;Java&amp;nbsp;&lt;/span&gt;运行环境&lt;span style=&quot;outline: none&quot;&gt;JRE&lt;/span&gt;、&lt;span style=&quot;outline: none&quot;&gt;Java&amp;nbsp;&lt;/span&gt;工具和&lt;span style=&quot;outline: none&quot;&gt;Java&amp;nbsp;&lt;/span&gt;基础类库。其中，&lt;span style=&quot;outline: none&quot;&gt;&amp;nbsp;JRE&lt;/span&gt;（&lt;span style=&quot;outline: none&quot;&gt;Java Environment&lt;/span&gt;）是运行&lt;span style=&quot;outline: none&quot;&gt;Java&amp;nbsp;&lt;/span&gt;程序所必需的环境，包含&lt;span style=&quot;outline: none&quot;&gt;JVM&lt;/span&gt;标准实现以及&lt;span style=&quot;outline: none&quot;&gt;Java&amp;nbsp;&lt;/span&gt;核心类库。&lt;span style=&quot;outline: none&quot;&gt;JVM&lt;/span&gt;（&lt;span style=&quot;outline: none&quot;&gt;Java Virtual Machine&lt;/span&gt;）是&lt;span style=&quot;outline: none&quot;&gt;Java&amp;nbsp;&lt;/span&gt;虚拟机的缩写，是&lt;span style=&quot;outline: none&quot;&gt;Java&lt;/span&gt;程序实现跨平台的核心部分。&lt;/span&gt;&lt;/p&gt;&lt;p style=&quot;outline: none;text-align: justify;font-size: 14px;font-family: Calibri, sans-serif;white-space: normal;background-color: rgb(255, 255, 255);text-indent: 28px&quot;&gt;&lt;span style=&quot;outline: none;font-family: &amp;#39;宋体_x0007_.弆...&amp;#39;, serif&quot;&gt;&lt;br/&gt;&lt;/span&gt;&lt;br/&gt;&lt;/p&gt;&lt;p style=&quot;outline: none;text-align: justify;font-size: 14px;font-family: Calibri, sans-serif;white-space: normal;background-color: rgb(255, 255, 255);text-indent: 28px&quot;&gt;&lt;span style=&quot;outline: none;font-family: 宋体&quot;&gt;&lt;br/&gt;&lt;/span&gt;&lt;br/&gt;&lt;/p&gt;&lt;p&gt;&lt;br/&gt;&lt;/p&gt;', '', 60, 1, 1686867897);
INSERT INTO `tb_resource` (`id`, `course_id`, `title`, `video_path`, `document`, `code_path`, `sort`, `status`, `addtime`) VALUES
(6, 1, '配置JDK', 'file_5c3c270de6d02.mp4', '&lt;h2 style=&quot;outline: none;margin: 32px 0;text-align: center;break-after: avoid;font-size: 32px;font-family: &amp;#39;Times New Roman&amp;#39;, serif;color: rgb(58, 164, 252);white-space: normal;background-color: rgb(255, 255, 255)&quot;&gt;&lt;span style=&quot;outline: none;font-size: 29px;font-family: 楷体_GB2312;color: windowtext&quot;&gt;配置&lt;/span&gt;&lt;span style=&quot;outline: none;font-size: 29px;color: windowtext&quot;&gt;JDK&lt;/span&gt;&lt;/h2&gt;&lt;p style=&quot;outline: none;font-size: medium;font-family: &amp;#39;黑体_x0007_.弆...&amp;#39;, sans-serif;white-space: normal;background-color: rgb(255, 255, 255);text-indent: 29px&quot;&gt;&lt;span style=&quot;outline: none;font-size: 14px;font-family: &amp;#39;宋体_x0007_.弆...&amp;#39;, serif&quot;&gt;安装完&lt;/span&gt;&lt;span style=&quot;outline: none;font-size: 14px;font-family: &amp;#39;Times New Roman&amp;#39;, serif&quot;&gt;JDK&amp;nbsp;&lt;/span&gt;&lt;span style=&quot;outline: none;font-size: 14px;font-family: &amp;#39;宋体_x0007_.弆...&amp;#39;, serif&quot;&gt;之后，必须配置环境变量方可使用&lt;/span&gt;&lt;span style=&quot;outline: none;font-size: 14px;font-family: &amp;#39;Times New Roman&amp;#39;, serif&quot;&gt;Java&amp;nbsp;&lt;/span&gt;&lt;span style=&quot;outline: none;font-size: 14px;font-family: &amp;#39;宋体_x0007_.弆...&amp;#39;, serif&quot;&gt;环境。在&lt;/span&gt;&lt;span style=&quot;outline: none;font-size: 14px;font-family: &amp;#39;Times New Roman&amp;#39;, serif&quot;&gt;Windows&amp;nbsp;&lt;/span&gt;&lt;span style=&quot;outline: none;font-size: 14px;font-family: &amp;#39;宋体_x0007_.弆...&amp;#39;, serif&quot;&gt;操作系统中，主要配置&lt;/span&gt;&lt;span style=&quot;outline: none;font-size: 14px;font-family: &amp;#39;Times New Roman&amp;#39;, serif&quot;&gt;3&amp;nbsp;&lt;/span&gt;&lt;span style=&quot;outline: none;font-size: 14px;font-family: &amp;#39;宋体_x0007_.弆...&amp;#39;, serif&quot;&gt;个环境变量，分别是&lt;/span&gt;&lt;span style=&quot;outline: none;font-size: 14px;font-family: &amp;#39;Times New Roman&amp;#39;, serif&quot;&gt;JAVA_HOME&lt;/span&gt;&lt;span style=&quot;outline: none;font-size: 14px;font-family: &amp;#39;宋体_x0007_.弆...&amp;#39;, serif&quot;&gt;、&lt;/span&gt;&lt;span style=&quot;outline: none;font-size: 14px;font-family: &amp;#39;Times New Roman&amp;#39;, serif&quot;&gt;Path&amp;nbsp;&lt;/span&gt;&lt;span style=&quot;outline: none;font-size: 14px;font-family: &amp;#39;宋体_x0007_.弆...&amp;#39;, serif&quot;&gt;和&lt;/span&gt;&lt;span style=&quot;outline: none;font-size: 14px;font-family: &amp;#39;Times New Roman&amp;#39;, serif&quot;&gt;CLASSPATH&lt;/span&gt;&lt;span style=&quot;outline: none;font-size: 14px;font-family: &amp;#39;宋体_x0007_.弆...&amp;#39;, serif&quot;&gt;。其中，&lt;/span&gt;&lt;span style=&quot;outline: none;font-size: 14px;font-family: &amp;#39;Times New Roman&amp;#39;, serif&quot;&gt;JAVA_HOME&amp;nbsp;&lt;/span&gt;&lt;span style=&quot;outline: none;font-size: 14px;font-family: &amp;#39;宋体_x0007_.弆...&amp;#39;, serif&quot;&gt;用来指定&lt;/span&gt;&lt;span style=&quot;outline: none;font-size: 14px;font-family: &amp;#39;Times New Roman&amp;#39;, serif&quot;&gt;JDK&amp;nbsp;&lt;/span&gt;&lt;span style=&quot;outline: none;font-size: 14px;font-family: &amp;#39;宋体_x0007_.弆...&amp;#39;, serif&quot;&gt;的安装路径；&lt;/span&gt;&lt;span style=&quot;outline: none;font-size: 14px;font-family: &amp;#39;Times New Roman&amp;#39;, serif&quot;&gt;Path&amp;nbsp;&lt;/span&gt;&lt;span style=&quot;outline: none;font-size: 14px;font-family: &amp;#39;宋体_x0007_.弆...&amp;#39;, serif&quot;&gt;用来使系统能够在任何路径下都可以识别&lt;/span&gt;&lt;span style=&quot;outline: none;font-size: 14px;font-family: &amp;#39;Times New Roman&amp;#39;, serif&quot;&gt;Java&amp;nbsp;&lt;/span&gt;&lt;span style=&quot;outline: none;font-size: 14px;font-family: &amp;#39;宋体_x0007_.弆...&amp;#39;, serif&quot;&gt;命令；&lt;/span&gt;&lt;span style=&quot;outline: none;font-size: 14px;font-family: &amp;#39;Times New Roman&amp;#39;, serif&quot;&gt;CLASSPATH&amp;nbsp;&lt;/span&gt;&lt;span style=&quot;outline: none;font-size: 14px;font-family: &amp;#39;宋体_x0007_.弆...&amp;#39;, serif&quot;&gt;用来加载&lt;/span&gt;&lt;span style=&quot;outline: none;font-size: 14px;font-family: &amp;#39;Times New Roman&amp;#39;, serif&quot;&gt;Java&lt;/span&gt;&lt;span style=&quot;outline: none;font-size: 14px;font-family: &amp;#39;宋体_x0007_.弆...&amp;#39;, serif&quot;&gt;类库的路径。在&lt;/span&gt;&lt;span style=&quot;outline: none;font-size: 14px;font-family: &amp;#39;Times New Roman&amp;#39;, serif&quot;&gt;Windows 7&amp;nbsp;&lt;/span&gt;&lt;span style=&quot;outline: none;font-size: 14px;font-family: &amp;#39;宋体_x0007_.弆...&amp;#39;, serif&quot;&gt;系统中配置环境变量的步骤如下：&lt;/span&gt;&lt;/p&gt;&lt;p style=&quot;outline: none;font-size: 14px;font-family: Calibri, sans-serif;white-space: normal;background-color: rgb(255, 255, 255);text-indent: 28px&quot;&gt;&lt;span style=&quot;outline: none;font-family: &amp;#39;宋体_x0007_.弆...&amp;#39;, serif&quot;&gt;（1）&lt;/span&gt;&lt;span style=&quot;outline: none;font-family: &amp;#39;宋体_x0007_.弆...&amp;#39;, serif&quot;&gt;在&lt;span style=&quot;outline: none&quot;&gt;“&lt;/span&gt;计算机&lt;span style=&quot;outline: none&quot;&gt;”&lt;/span&gt;图标上单击鼠标右键，在弹出的快捷菜单中选择&lt;span style=&quot;outline: none&quot;&gt;“&lt;/span&gt;属性&lt;span style=&quot;outline: none&quot;&gt;”&lt;/span&gt;菜单，在弹出的&lt;span style=&quot;outline: none&quot;&gt;“&lt;/span&gt;属性&lt;span style=&quot;outline: none&quot;&gt;”&lt;/span&gt;对话框左侧单击&lt;span style=&quot;outline: none&quot;&gt;“&lt;/span&gt;高级系统设置&lt;span style=&quot;outline: none&quot;&gt;”&lt;/span&gt;超链接，将打开&lt;/span&gt;&lt;span style=&quot;outline: none;font-family: &amp;#39;宋体_x0007_.弆...&amp;#39;, serif&quot;&gt;&lt;span style=&quot;outline: none&quot;&gt;“&lt;/span&gt;系统属性&lt;span style=&quot;outline: none&quot;&gt;”&lt;/span&gt;对话框。&lt;/span&gt;&lt;/p&gt;&lt;p style=&quot;outline: none;font-size: medium;font-family: &amp;#39;黑体_x0007_.弆...&amp;#39;, sans-serif;white-space: normal;background-color: rgb(255, 255, 255);text-indent: 29px&quot;&gt;&lt;span style=&quot;outline: none;font-size: 14px;font-family: &amp;#39;宋体_x0007_.弆...&amp;#39;, serif&quot;&gt;（&lt;/span&gt;&lt;span style=&quot;outline: none;font-size: 14px;font-family: &amp;#39;Times New Roman&amp;#39;, serif&quot;&gt;2&lt;/span&gt;&lt;span style=&quot;outline: none;font-size: 14px;font-family: &amp;#39;宋体_x0007_.弆...&amp;#39;, serif&quot;&gt;）单击&lt;span style=&quot;outline: none&quot;&gt;“&lt;/span&gt;环境变量&lt;span style=&quot;outline: none&quot;&gt;”&lt;/span&gt;按钮，将弹出&lt;/span&gt;&lt;span style=&quot;outline: none;font-size: 14px;font-family: &amp;#39;宋体_x0007_.弆...&amp;#39;, serif&quot;&gt;&lt;span style=&quot;outline: none&quot;&gt;“&lt;/span&gt;环境变量&lt;span style=&quot;outline: none&quot;&gt;”&lt;/span&gt;对话框，单击&lt;span style=&quot;outline: none&quot;&gt;“&lt;/span&gt;系统变量&lt;span style=&quot;outline: none&quot;&gt;”&lt;/span&gt;下的&lt;span style=&quot;outline: none&quot;&gt;“&lt;/span&gt;新建&lt;span style=&quot;outline: none&quot;&gt;”&lt;/span&gt;按钮，创建新的系统变量。&lt;/span&gt;&lt;/p&gt;&lt;p style=&quot;outline: none;font-size: 14px;font-family: Calibri, sans-serif;white-space: normal;background-color: rgb(255, 255, 255);text-indent: 28px&quot;&gt;&lt;span style=&quot;outline: none;font-family: &amp;#39;宋体_x0007_.弆...&amp;#39;, serif&quot;&gt;（&lt;/span&gt;&lt;span style=&quot;outline: none;font-family: &amp;#39;Times New Roman&amp;#39;, serif&quot;&gt;3&lt;/span&gt;&lt;span style=&quot;outline: none;font-family: &amp;#39;宋体_x0007_.弆...&amp;#39;, serif&quot;&gt;）弹出&lt;/span&gt;&lt;span style=&quot;outline: none;font-family: &amp;#39;宋体_x0007_.弆...&amp;#39;, serif&quot;&gt;&lt;span style=&quot;outline: none&quot;&gt;“&lt;/span&gt;新建系统变量&lt;span style=&quot;outline: none&quot;&gt;”&lt;/span&gt;对话框，分别输入变量名&lt;span style=&quot;outline: none&quot;&gt;“&lt;/span&gt;&lt;/span&gt;&lt;span style=&quot;outline: none;font-family: &amp;#39;Times New Roman&amp;#39;, serif&quot;&gt;JAVA_HOME&lt;/span&gt;&lt;span style=&quot;outline: none;font-family: &amp;#39;宋体_x0007_.弆...&amp;#39;, serif&quot;&gt;”&lt;/span&gt;&lt;span style=&quot;outline: none;font-family: &amp;#39;宋体_x0007_.弆...&amp;#39;, serif&quot;&gt;和变量值，&lt;/span&gt;&lt;span style=&quot;outline: none;font-family: &amp;#39;宋体_x0007_.弆...&amp;#39;, serif&quot;&gt;可将&lt;/span&gt;&lt;span style=&quot;outline: none;font-family: &amp;#39;Times New Roman&amp;#39;, serif&quot;&gt;1.2.2&amp;nbsp;&lt;/span&gt;&lt;span style=&quot;outline: none;font-family: &amp;#39;宋体_x0007_.弆...&amp;#39;, serif&quot;&gt;小节中复制的&lt;/span&gt;&lt;span style=&quot;outline: none;font-family: &amp;#39;Times New Roman&amp;#39;, serif&quot;&gt;JDK&amp;nbsp;&lt;/span&gt;&lt;span style=&quot;outline: none;font-family: &amp;#39;宋体_x0007_.弆...&amp;#39;, serif&quot;&gt;安装路径直接粘贴完成（读者需要把变量值替换为本地&lt;/span&gt;&lt;span style=&quot;outline: none;font-family: &amp;#39;Times New Roman&amp;#39;, serif&quot;&gt;JDK&amp;nbsp;&lt;/span&gt;&lt;span style=&quot;outline: none;font-family: &amp;#39;宋体_x0007_.弆...&amp;#39;, serif&quot;&gt;安装路径），然后单击&lt;span style=&quot;outline: none&quot;&gt;“&lt;/span&gt;确定&lt;span style=&quot;outline: none&quot;&gt;”&lt;/span&gt;按钮。&lt;/span&gt;&lt;/p&gt;&lt;p style=&quot;outline: none;font-size: medium;font-family: &amp;#39;黑体_x0007_.弆...&amp;#39;, sans-serif;white-space: normal;background-color: rgb(255, 255, 255);text-indent: 29px&quot;&gt;&lt;span style=&quot;outline: none;font-size: 14px;font-family: &amp;#39;宋体_x000B_.弆...&amp;#39;, serif&quot;&gt;（&lt;/span&gt;&lt;span style=&quot;outline: none;font-size: 14px;font-family: &amp;#39;Times New Roman&amp;#39;, serif&quot;&gt;4&lt;/span&gt;&lt;span style=&quot;outline: none;font-size: 14px;font-family: &amp;#39;宋体_x000B_.弆...&amp;#39;, serif&quot;&gt;）在&lt;/span&gt;&lt;span style=&quot;outline: none;font-size: 14px;font-family: &amp;#39;宋体_x000B_.弆...&amp;#39;, serif&quot;&gt;&lt;span style=&quot;outline: none&quot;&gt;“&lt;/span&gt;环境变量&lt;span style=&quot;outline: none&quot;&gt;”&lt;/span&gt;对话框中，双击&lt;span style=&quot;outline: none&quot;&gt;“&lt;/span&gt;系统变量&lt;span style=&quot;outline: none&quot;&gt;”&lt;/span&gt;中的&lt;/span&gt;&lt;span style=&quot;outline: none;font-size: 14px;font-family: &amp;#39;Times New Roman&amp;#39;, serif&quot;&gt;Path&amp;nbsp;&lt;/span&gt;&lt;span style=&quot;outline: none;font-size: 14px;font-family: &amp;#39;宋体_x000B_.弆...&amp;#39;, serif&quot;&gt;变量，对其进行修改。删除原变量值最前面的&lt;span style=&quot;outline: none&quot;&gt;“&lt;/span&gt;&lt;/span&gt;&lt;span style=&quot;outline: none;font-size: 14px;font-family: &amp;#39;Times New Roman&amp;#39;, serif&quot;&gt;C:\\ProgramData\\Oracle\\Java\\javapath;&lt;/span&gt;&lt;span style=&quot;outline: none;font-size: 14px;font-family: &amp;#39;宋体_x000B_.弆...&amp;#39;, serif&quot;&gt;”&lt;/span&gt;&lt;span style=&quot;outline: none;font-size: 14px;font-family: &amp;#39;宋体_x000B_.弆...&amp;#39;, serif&quot;&gt;后，再输入&lt;span style=&quot;outline: none&quot;&gt;“&lt;/span&gt;&lt;/span&gt;&lt;span style=&quot;outline: none;font-size: 14px;font-family: &amp;#39;Times New Roman&amp;#39;, serif&quot;&gt;%JAVA_HOME%\\bin; %JAVA_HOME%\\jre\\bin;&lt;/span&gt;&lt;span style=&quot;outline: none;font-size: 14px;font-family: &amp;#39;宋体_x000B_.弆...&amp;#39;, serif&quot;&gt;”&lt;/span&gt;&lt;span style=&quot;outline: none;font-size: 14px;font-family: &amp;#39;宋体_x000B_.弆...&amp;#39;, serif&quot;&gt;（注意，最后的&lt;span style=&quot;outline: none&quot;&gt;“&lt;/span&gt;&lt;/span&gt;&lt;span style=&quot;outline: none;font-size: 14px;font-family: &amp;#39;Times New Roman&amp;#39;, serif&quot;&gt;;&lt;/span&gt;&lt;span style=&quot;outline: none;font-size: 14px;font-family: &amp;#39;宋体_x000B_.弆...&amp;#39;, serif&quot;&gt;”&lt;/span&gt;&lt;span style=&quot;outline: none;font-size: 14px;font-family: &amp;#39;宋体_x000B_.弆...&amp;#39;, serif&quot;&gt;不要丢掉，它用于分割不同的变量值），&lt;/span&gt;&lt;span style=&quot;outline: none;font-size: 14px;font-family: &amp;#39;宋体_x000B_.弆...&amp;#39;, serif&quot;&gt;单击&lt;span style=&quot;outline: none&quot;&gt;“&lt;/span&gt;确定&lt;span style=&quot;outline: none&quot;&gt;”&lt;/span&gt;按钮。&lt;/span&gt;&lt;/p&gt;&lt;p style=&quot;outline: none;font-size: 14px;font-family: Calibri, sans-serif;white-space: normal;background-color: rgb(255, 255, 255);text-indent: 28px&quot;&gt;&lt;span style=&quot;outline: none;font-family: &amp;#39;宋体_x000B_.弆...&amp;#39;, serif&quot;&gt;（&lt;/span&gt;&lt;span style=&quot;outline: none;font-family: &amp;#39;Times New Roman&amp;#39;, serif&quot;&gt;5&lt;/span&gt;&lt;span style=&quot;outline: none;font-family: &amp;#39;宋体_x000B_.弆...&amp;#39;, serif&quot;&gt;）在&lt;/span&gt;&lt;span style=&quot;outline: none;font-family: &amp;#39;宋体_x000B_.弆...&amp;#39;, serif&quot;&gt;&lt;span style=&quot;outline: none&quot;&gt;“&lt;/span&gt;环境变量&lt;span style=&quot;outline: none&quot;&gt;”&lt;/span&gt;对话框中，单击&lt;span style=&quot;outline: none&quot;&gt;“&lt;/span&gt;系统变量&lt;span style=&quot;outline: none&quot;&gt;”&lt;/span&gt;栏下的&lt;span style=&quot;outline: none&quot;&gt;“&lt;/span&gt;新建&lt;span style=&quot;outline: none&quot;&gt;”&lt;/span&gt;按钮，新建一个&lt;/span&gt;&lt;span style=&quot;outline: none;font-family: &amp;#39;Times New Roman&amp;#39;, serif&quot;&gt;CLASSPATH&amp;nbsp;&lt;/span&gt;&lt;span style=&quot;outline: none;font-family: &amp;#39;宋体_x000B_.弆...&amp;#39;, serif&quot;&gt;变量，变量值为&lt;/span&gt;&lt;span style=&quot;outline: none;font-family: &amp;#39;宋体e眠副浡渀.&amp;#39;, serif&quot;&gt;“&lt;/span&gt;&lt;span style=&quot;outline: none;font-family: &amp;#39;Times New Roman&amp;#39;, serif&quot;&gt;.;%JAVA_HOME%\\lib;%JAVA_HOME%\\lib\\tools.jar;&amp;nbsp;&lt;/span&gt;&lt;span style=&quot;outline: none;font-family: &amp;#39;宋体_x000B_.弆...&amp;#39;, serif&quot;&gt;”&lt;/span&gt;&lt;span style=&quot;outline: none;font-family: &amp;#39;宋体_x000B_.弆...&amp;#39;, serif&quot;&gt;，创建并设置&lt;/span&gt;&lt;span style=&quot;outline: none;font-family: &amp;#39;Times New Roman&amp;#39;, serif&quot;&gt;CLASSPATH&amp;nbsp;&lt;/span&gt;&lt;span style=&quot;outline: none;font-family: &amp;#39;宋体_x000B_.弆...&amp;#39;, serif&quot;&gt;变量&lt;/span&gt;&lt;span style=&quot;outline: none;font-family: &amp;#39;宋体_x000B_.弆...&amp;#39;, serif&quot;&gt;，单击&lt;span style=&quot;outline: none&quot;&gt;“&lt;/span&gt;确定&lt;span style=&quot;outline: none&quot;&gt;”&lt;/span&gt;按钮结束。&lt;/span&gt;&lt;/p&gt;&lt;p&gt;&lt;strong style=&quot;outline: none;font-family: Calibri, sans-serif;font-size: 14px;text-align: justify;text-indent: 28px;white-space: normal;background-color: rgb(255, 255, 255)&quot;&gt;&lt;span style=&quot;outline: none;font-family: 黑体_x0006_ū怆, sans-serif&quot;&gt;说明：&lt;/span&gt;&lt;/strong&gt;&lt;span style=&quot;outline: none;font-size: 14px;text-align: justify;text-indent: 28px;background-color: rgb(255, 255, 255);font-family: 楷体&quot;&gt;在&lt;span style=&quot;outline: none&quot;&gt;Windows&amp;nbsp;&lt;/span&gt;系统中，环境变量需要使用英文的分号进行分隔；在&lt;span style=&quot;outline: none&quot;&gt;Linux&amp;nbsp;&lt;/span&gt;系统中，环境变量需要使用英文的冒号进行分隔。要注意全角和半角的区别。&lt;/span&gt;&lt;/p&gt;', '', 50, 1, 1686889856),
(7, 2, '代码注释', 'file_5c3c2877c298a.mp4', '&lt;h2 style=&quot;outline: none;margin: 32px 0;text-align: center;break-after: avoid;font-size: 32px;font-family: &amp;#39;Times New Roman&amp;#39;, serif;color: rgb(58, 164, 252);white-space: normal;background-color: rgb(255, 255, 255)&quot;&gt;&lt;span style=&quot;outline: none;font-size: 29px;font-family: 楷体_GB2312;color: windowtext&quot;&gt;代码注释&lt;/span&gt;&lt;/h2&gt;&lt;p style=&quot;outline: none;text-align: justify;font-size: 14px;font-family: Calibri, sans-serif;white-space: normal;background-color: rgb(255, 255, 255);text-indent: 28px&quot;&gt;&lt;span style=&quot;outline: none;font-family: &amp;#39;宋体_x000C_..嗧..&amp;#39;, serif;color: rgb(33, 29, 30)&quot;&gt;在代码中添加注释能提高代码的可读性。注释中包含了程序的信息，可以帮助程序员更好地阅读和理解程序。在&lt;/span&gt;&lt;span style=&quot;outline: none;font-family: &amp;#39;Times New Roman&amp;#39;, serif;color: rgb(33, 29, 30)&quot;&gt;Java&amp;nbsp;&lt;/span&gt;&lt;span style=&quot;outline: none;font-family: &amp;#39;宋体_x000C_..嗧..&amp;#39;, serif;color: rgb(33, 29, 30)&quot;&gt;源程序文件的任意位置都可以添加注释，且&lt;/span&gt;&lt;span style=&quot;outline: none;font-family: &amp;#39;Times New Roman&amp;#39;, serif;color: rgb(33, 29, 30)&quot;&gt;Java&amp;nbsp;&lt;/span&gt;&lt;span style=&quot;outline: none;font-family: &amp;#39;宋体_x000C_..嗧..&amp;#39;, serif;color: rgb(33, 29, 30)&quot;&gt;编译器不编译代码中的注释，也就是说代码中的注释对程序不产生任何影响。所以开发者不仅可以在注释中键入代码的说明文字、设计者的个人信息，还可以使用注释来屏蔽某些不希望执行的代码。&lt;/span&gt;&lt;span style=&quot;outline: none;font-family: &amp;#39;Times New Roman&amp;#39;, serif;color: rgb(33, 29, 30)&quot;&gt;Java&amp;nbsp;&lt;/span&gt;&lt;span style=&quot;outline: none;font-family: &amp;#39;宋体_x000C_..嗧..&amp;#39;, serif;color: rgb(33, 29, 30)&quot;&gt;提供了&lt;/span&gt;&lt;span style=&quot;outline: none;font-family: &amp;#39;Times New Roman&amp;#39;, serif;color: rgb(33, 29, 30)&quot;&gt;3&amp;nbsp;&lt;/span&gt;&lt;span style=&quot;outline: none;font-family: &amp;#39;宋体_x000C_..嗧..&amp;#39;, serif;color: rgb(33, 29, 30)&quot;&gt;种代码注释，分别为单行注释、多行注释和文档注释&lt;/span&gt;&lt;span style=&quot;outline: none;font-family: &amp;#39;宋体_x000C_..嗧..&amp;#39;, serif;color: rgb(33, 29, 30)&quot;&gt;。&lt;/span&gt;&lt;/p&gt;&lt;p style=&quot;outline: none;margin: 11px 0 7px;font-size: medium;font-family: &amp;#39;YYVFBR+SimHei&amp;#39;, sans-serif;white-space: normal;background-color: rgb(255, 255, 255);text-align: justify;text-indent: 29px&quot;&gt;&lt;strong style=&quot;outline: none&quot;&gt;&lt;span style=&quot;outline: none;font-size: 15px;font-family: &amp;#39;黑体_x0001_.&amp;#39;, sans-serif;color: rgb(33, 29, 30)&quot;&gt;1&lt;/span&gt;&lt;/strong&gt;&lt;strong style=&quot;outline: none&quot;&gt;&lt;span style=&quot;outline: none;font-size: 15px;font-family: &amp;#39;黑体_x0001_.&amp;#39;, sans-serif;color: rgb(33, 29, 30)&quot;&gt;．单行注释&lt;/span&gt;&lt;/strong&gt;&lt;/p&gt;&lt;p style=&quot;outline: none;font-size: medium;font-family: &amp;#39;YYVFBR+SimHei&amp;#39;, sans-serif;white-space: normal;background-color: rgb(255, 255, 255);text-align: justify;text-indent: 29px&quot;&gt;&lt;span style=&quot;outline: none;font-size: 14px;font-family: &amp;#39;宋体_x0001_.&amp;#39;, serif;color: rgb(33, 29, 30)&quot;&gt;“&lt;/span&gt;&lt;span style=&quot;outline: none;font-size: 14px;font-family: &amp;#39;Times New Roman&amp;#39;, serif;color: rgb(33, 29, 30)&quot;&gt;//&lt;/span&gt;&lt;span style=&quot;outline: none;font-size: 14px;font-family: &amp;#39;宋体e眠副浡渀.&amp;#39;, serif;color: rgb(33, 29, 30)&quot;&gt;”&lt;/span&gt;&lt;span style=&quot;outline: none;font-size: 14px;font-family: &amp;#39;宋体e眠副浡渀.&amp;#39;, serif;color: rgb(33, 29, 30)&quot;&gt;为单行注释标记，从符号&lt;span style=&quot;outline: none&quot;&gt;“&lt;/span&gt;&lt;/span&gt;&lt;span style=&quot;outline: none;font-size: 14px;font-family: &amp;#39;Times New Roman&amp;#39;, serif;color: rgb(33, 29, 30)&quot;&gt;//&lt;/span&gt;&lt;span style=&quot;outline: none;font-size: 14px;font-family: &amp;#39;宋体e眠副浡渀.&amp;#39;, serif;color: rgb(33, 29, 30)&quot;&gt;”&lt;/span&gt;&lt;span style=&quot;outline: none;font-size: 14px;font-family: &amp;#39;宋体e眠副浡渀.&amp;#39;, serif;color: rgb(33, 29, 30)&quot;&gt;开始直到换行为止的所有内容均作为注释而被编译器忽略。&lt;/span&gt;&lt;/p&gt;&lt;p style=&quot;outline: none;font-size: medium;font-family: &amp;#39;YYVFBR+SimHei&amp;#39;, sans-serif;white-space: normal;background-color: rgb(255, 255, 255);text-align: justify;text-indent: 29px&quot;&gt;&lt;span style=&quot;outline: none;font-size: 14px;font-family: &amp;#39;宋体e眠副浡渀.&amp;#39;, serif;color: rgb(33, 29, 30)&quot;&gt;语法如下：&lt;/span&gt;&lt;/p&gt;&lt;p style=&quot;outline: none;font-size: medium;font-family: &amp;#39;YYVFBR+SimHei&amp;#39;, sans-serif;white-space: normal;background-color: rgb(255, 255, 255);text-indent: 28px&quot;&gt;&lt;span style=&quot;outline: none&quot;&gt;//&lt;/span&gt;注释内容&lt;/p&gt;&lt;p style=&quot;outline: none;text-align: justify;font-size: 14px;font-family: Calibri, sans-serif;white-space: normal;background-color: rgb(255, 255, 255);text-indent: 28px&quot;&gt;&lt;span style=&quot;outline: none;font-family: &amp;#39;宋体e眠副浡渀.&amp;#39;, serif;color: rgb(33, 29, 30)&quot;&gt;例如，以下代码为声明的&lt;/span&gt;&lt;span style=&quot;outline: none;font-family: &amp;#39;Times New Roman&amp;#39;, serif;color: rgb(33, 29, 30)&quot;&gt;int&amp;nbsp;&lt;/span&gt;&lt;span style=&quot;outline: none;font-family: &amp;#39;宋体e眠副浡渀.&amp;#39;, serif;color: rgb(33, 29, 30)&quot;&gt;型变量添加注释：&lt;/span&gt;&lt;/p&gt;&lt;p style=&quot;outline: none;text-align: justify;font-size: 14px;font-family: Calibri, sans-serif;white-space: normal;background-color: rgb(255, 255, 255);text-indent: 28px&quot;&gt;&lt;span style=&quot;outline: none;font-size: 12px;font-family: &amp;#39;QFQTKM+Consolas&amp;#39;, serif;color: rgb(128, 45, 97)&quot;&gt;int&amp;nbsp;&lt;/span&gt;&lt;span style=&quot;outline: none;font-size: 12px;font-family: &amp;#39;QFQTKM+Consolas&amp;#39;, serif;color: rgb(130, 81, 87)&quot;&gt;age&amp;nbsp;&lt;/span&gt;&lt;span style=&quot;outline: none;font-size: 12px;font-family: &amp;#39;QFQTKM+Consolas&amp;#39;, serif;color: rgb(33, 29, 30)&quot;&gt;;&amp;nbsp;&lt;/span&gt;&lt;span style=&quot;outline: none;font-size: 12px;font-family: &amp;#39;QFQTKM+Consolas&amp;#39;, serif;color: rgb(70, 126, 100)&quot;&gt;//&amp;nbsp;&lt;/span&gt;&lt;span style=&quot;outline: none;font-size: 12px;font-family: &amp;#39;宋体C潮獯污猀.&amp;#39;, serif;color: rgb(70, 126, 100)&quot;&gt;声明&lt;/span&gt;&lt;span style=&quot;outline: none;font-size: 12px;font-family: &amp;#39;QFQTKM+Consolas&amp;#39;, serif;color: rgb(70, 126, 100)&quot;&gt;int&lt;/span&gt;&lt;span style=&quot;outline: none;font-size: 12px;font-family: &amp;#39;宋体C潮獯污猀.&amp;#39;, serif;color: rgb(70, 126, 100)&quot;&gt;型变量，用于保存年龄信息&lt;/span&gt;&lt;/p&gt;&lt;p style=&quot;outline: none;margin: 11px 0 7px;font-size: medium;font-family: &amp;#39;YYVFBR+SimHei&amp;#39;, sans-serif;white-space: normal;background-color: rgb(255, 255, 255);text-align: justify;text-indent: 29px&quot;&gt;&lt;strong style=&quot;outline: none&quot;&gt;&lt;span style=&quot;outline: none;font-size: 15px;color: rgb(33, 29, 30)&quot;&gt;2&lt;/span&gt;&lt;/strong&gt;&lt;strong style=&quot;outline: none&quot;&gt;&lt;span style=&quot;outline: none;font-size: 15px;font-family: &amp;#39;黑体S業.椀猀.&amp;#39;, sans-serif;color: rgb(33, 29, 30)&quot;&gt;．多行注释&lt;/span&gt;&lt;/strong&gt;&lt;/p&gt;&lt;p style=&quot;outline: none;font-size: medium;font-family: &amp;#39;YYVFBR+SimHei&amp;#39;, sans-serif;white-space: normal;background-color: rgb(255, 255, 255);text-align: justify;text-indent: 29px&quot;&gt;&lt;span style=&quot;outline: none;font-size: 14px;font-family: &amp;#39;宋体S業.椀猀.&amp;#39;, serif;color: rgb(33, 29, 30)&quot;&gt;“&lt;/span&gt;&lt;span style=&quot;outline: none;font-size: 14px;font-family: &amp;#39;Times New Roman&amp;#39;, serif;color: rgb(33, 29, 30)&quot;&gt;/* */&lt;/span&gt;&lt;span style=&quot;outline: none;font-size: 14px;font-family: &amp;#39;宋体C潮獯污猀.&amp;#39;, serif;color: rgb(33, 29, 30)&quot;&gt;”&lt;/span&gt;&lt;span style=&quot;outline: none;font-size: 14px;font-family: &amp;#39;宋体C潮獯污猀.&amp;#39;, serif;color: rgb(33, 29, 30)&quot;&gt;为多行注释标记，符号&lt;span style=&quot;outline: none&quot;&gt;“&lt;/span&gt;&lt;/span&gt;&lt;span style=&quot;outline: none;font-size: 14px;font-family: &amp;#39;Times New Roman&amp;#39;, serif;color: rgb(33, 29, 30)&quot;&gt;/*&lt;/span&gt;&lt;span style=&quot;outline: none;font-size: 14px;font-family: &amp;#39;宋体C潮獯污猀.&amp;#39;, serif;color: rgb(33, 29, 30)&quot;&gt;”&lt;/span&gt;&lt;span style=&quot;outline: none;font-size: 14px;font-family: &amp;#39;宋体C潮獯污猀.&amp;#39;, serif;color: rgb(33, 29, 30)&quot;&gt;与&lt;span style=&quot;outline: none&quot;&gt;“&lt;/span&gt;&lt;/span&gt;&lt;span style=&quot;outline: none;font-size: 14px;font-family: &amp;#39;Times New Roman&amp;#39;, serif;color: rgb(33, 29, 30)&quot;&gt;*/&lt;/span&gt;&lt;span style=&quot;outline: none;font-size: 14px;font-family: &amp;#39;宋体C潮獯污猀.&amp;#39;, serif;color: rgb(33, 29, 30)&quot;&gt;”&lt;/span&gt;&lt;span style=&quot;outline: none;font-size: 14px;font-family: &amp;#39;宋体C潮獯污猀.&amp;#39;, serif;color: rgb(33, 29, 30)&quot;&gt;之间的所有内容均为注释内容。注释中的内容可以换行。&lt;/span&gt;&lt;/p&gt;&lt;p style=&quot;outline: none;text-align: justify;font-size: 14px;font-family: Calibri, sans-serif;white-space: normal;background-color: rgb(255, 255, 255)&quot;&gt;&lt;span style=&quot;outline: none;font-family: &amp;#39;宋体C潮獯污猀.&amp;#39;, serif;color: rgb(33, 29, 30)&quot;&gt;语法如下：&lt;/span&gt;&lt;/p&gt;&lt;p style=&quot;outline: none;font-size: medium;font-family: &amp;#39;YYVFBR+SimHei&amp;#39;, sans-serif;white-space: normal;background-color: rgb(255, 255, 255);text-align: justify;text-indent: 29px&quot;&gt;&lt;span style=&quot;outline: none;font-size: 14px;font-family: &amp;#39;宋体S業.椀猀.&amp;#39;, serif;color: rgb(33, 29, 30)&quot;&gt;/*&lt;/span&gt;&lt;/p&gt;&lt;p style=&quot;outline: none;margin: 0 0 0 28px;font-size: medium;font-family: &amp;#39;YYVFBR+SimHei&amp;#39;, sans-serif;white-space: normal;background-color: rgb(255, 255, 255);text-align: justify;text-indent: 29px&quot;&gt;&lt;span style=&quot;outline: none;font-size: 14px;font-family: &amp;#39;宋体S業.椀猀.&amp;#39;, serif;color: rgb(33, 29, 30)&quot;&gt;注释内容&lt;span style=&quot;outline: none&quot;&gt;1&lt;/span&gt;&lt;/span&gt;&lt;/p&gt;&lt;p style=&quot;outline: none;margin: 0 0 0 28px;font-size: medium;font-family: &amp;#39;YYVFBR+SimHei&amp;#39;, sans-serif;white-space: normal;background-color: rgb(255, 255, 255);text-align: justify;text-indent: 29px&quot;&gt;&lt;span style=&quot;outline: none;font-size: 14px;font-family: &amp;#39;宋体S業.椀猀.&amp;#39;, serif;color: rgb(33, 29, 30)&quot;&gt;注释内容&lt;span style=&quot;outline: none&quot;&gt;2&lt;/span&gt;&lt;/span&gt;&lt;/p&gt;&lt;p style=&quot;outline: none;margin: 0 0 0 28px;font-size: medium;font-family: &amp;#39;YYVFBR+SimHei&amp;#39;, sans-serif;white-space: normal;background-color: rgb(255, 255, 255);text-align: justify;text-indent: 29px&quot;&gt;&lt;span style=&quot;outline: none;font-size: 14px;font-family: &amp;#39;宋体S業.椀猀.&amp;#39;, serif;color: rgb(33, 29, 30)&quot;&gt;…&lt;/span&gt;&lt;/p&gt;&lt;p style=&quot;outline: none;margin: 0 0 0 28px;font-size: medium;font-family: &amp;#39;YYVFBR+SimHei&amp;#39;, sans-serif;white-space: normal;background-color: rgb(255, 255, 255);text-align: justify;text-indent: 29px&quot;&gt;&lt;span style=&quot;outline: none;font-size: 14px;font-family: &amp;#39;宋体S業.椀猀.&amp;#39;, serif;color: rgb(33, 29, 30)&quot;&gt;*/&lt;/span&gt;&lt;/p&gt;&lt;p style=&quot;outline: none;margin: 11px 0 7px;font-size: medium;font-family: &amp;#39;YYVFBR+SimHei&amp;#39;, sans-serif;white-space: normal;background-color: rgb(255, 255, 255);text-align: justify;text-indent: 29px&quot;&gt;&lt;strong style=&quot;outline: none&quot;&gt;&lt;span style=&quot;outline: none;font-size: 15px;color: rgb(33, 29, 30)&quot;&gt;3&lt;/span&gt;&lt;/strong&gt;&lt;strong style=&quot;outline: none&quot;&gt;&lt;span style=&quot;outline: none;font-size: 15px;font-family: &amp;#39;黑体S業.椀..&amp;#39;, sans-serif;color: rgb(33, 29, 30)&quot;&gt;．文档注释&lt;/span&gt;&lt;/strong&gt;&lt;/p&gt;&lt;p style=&quot;outline: none;font-size: medium;font-family: &amp;#39;YYVFBR+SimHei&amp;#39;, sans-serif;white-space: normal;background-color: rgb(255, 255, 255);text-align: justify;text-indent: 29px&quot;&gt;&lt;span style=&quot;outline: none;font-size: 14px;font-family: &amp;#39;宋体S業.椀..&amp;#39;, serif;color: rgb(33, 29, 30)&quot;&gt;“&lt;/span&gt;&lt;span style=&quot;outline: none;font-size: 14px;font-family: &amp;#39;Times New Roman&amp;#39;, serif;color: rgb(33, 29, 30)&quot;&gt;/**&lt;/span&gt;&lt;span style=&quot;outline: none;font-size: 14px;font-family: &amp;#39;宋体e眠副浡渀.&amp;#39;, serif;color: rgb(33, 29, 30)&quot;&gt;…&lt;/span&gt;&lt;span style=&quot;outline: none;font-size: 14px;font-family: &amp;#39;Times New Roman&amp;#39;, serif;color: rgb(33, 29, 30)&quot;&gt;*/&lt;/span&gt;&lt;span style=&quot;outline: none;font-size: 14px;font-family: &amp;#39;宋体e眠副浡渀.&amp;#39;, serif;color: rgb(33, 29, 30)&quot;&gt;”&lt;/span&gt;&lt;span style=&quot;outline: none;font-size: 14px;font-family: &amp;#39;宋体e眠副浡渀.&amp;#39;, serif;color: rgb(33, 29, 30)&quot;&gt;为文档注释标记。符号&lt;span style=&quot;outline: none&quot;&gt;“&lt;/span&gt;&lt;/span&gt;&lt;span style=&quot;outline: none;font-size: 14px;font-family: &amp;#39;Times New Roman&amp;#39;, serif;color: rgb(33, 29, 30)&quot;&gt;/**&lt;/span&gt;&lt;span style=&quot;outline: none;font-size: 14px;font-family: &amp;#39;宋体e眠副浡渀.&amp;#39;, serif;color: rgb(33, 29, 30)&quot;&gt;”&lt;/span&gt;&lt;span style=&quot;outline: none;font-size: 14px;font-family: &amp;#39;宋体e眠副浡渀.&amp;#39;, serif;color: rgb(33, 29, 30)&quot;&gt;与&lt;span style=&quot;outline: none&quot;&gt;“&lt;/span&gt;&lt;/span&gt;&lt;span style=&quot;outline: none;font-size: 14px;font-family: &amp;#39;Times New Roman&amp;#39;, serif;color: rgb(33, 29, 30)&quot;&gt;*/&lt;/span&gt;&lt;span style=&quot;outline: none;font-size: 14px;font-family: &amp;#39;宋体e眠副浡渀.&amp;#39;, serif;color: rgb(33, 29, 30)&quot;&gt;”&lt;/span&gt;&lt;span style=&quot;outline: none;font-size: 14px;font-family: &amp;#39;宋体e眠副浡渀.&amp;#39;, serif;color: rgb(33, 29, 30)&quot;&gt;之间的内容均为文档注释内容。当文档注释出现在声明（如类的声明、类的成员变量声明、类的成员方法声明等）之前时，会被&lt;/span&gt;&lt;span style=&quot;outline: none;font-size: 14px;font-family: &amp;#39;Times New Roman&amp;#39;, serif;color: rgb(33, 29, 30)&quot;&gt;Javadoc&amp;nbsp;&lt;/span&gt;&lt;span style=&quot;outline: none;font-size: 14px;font-family: &amp;#39;宋体e眠副浡渀.&amp;#39;, serif;color: rgb(33, 29, 30)&quot;&gt;文档工具读取作为&lt;/span&gt;&lt;span style=&quot;outline: none;font-size: 14px;font-family: &amp;#39;Times New Roman&amp;#39;, serif;color: rgb(33, 29, 30)&quot;&gt;Javadoc&amp;nbsp;&lt;/span&gt;&lt;span style=&quot;outline: none;font-size: 14px;font-family: &amp;#39;宋体e眠副浡渀.&amp;#39;, serif;color: rgb(33, 29, 30)&quot;&gt;文档内容。对于初学者而言，文档注释并不是很重要，了解即可。&lt;/span&gt;&lt;/p&gt;&lt;p style=&quot;outline: none;text-align: justify;font-size: 14px;font-family: Calibri, sans-serif;white-space: normal;background-color: rgb(255, 255, 255);text-indent: 28px&quot;&gt;&lt;strong style=&quot;outline: none&quot;&gt;&lt;span style=&quot;outline: none;font-family: &amp;#39;黑体S業.椀..&amp;#39;, sans-serif;color: rgb(33, 29, 30)&quot;&gt;说明：&lt;/span&gt;&lt;/strong&gt;&lt;span style=&quot;outline: none;font-family: 楷体;color: rgb(33, 29, 30)&quot;&gt;&amp;nbsp;一定要养成良好的编码习惯。软件编码规范中提到“可读性第一，效率第二”，所以程序员必须要在程序中添加适量的注释来提高程序的可读性和可维护性。建议程序中的注释总量要占程序代码总量的&lt;span style=&quot;outline: none&quot;&gt;20%&amp;nbsp;&lt;/span&gt;～&lt;span style=&quot;outline: none&quot;&gt;&amp;nbsp;50%&lt;/span&gt;。&lt;/span&gt;&lt;/p&gt;&lt;p&gt;&lt;br/&gt;&lt;/p&gt;', '', 10, 1, 1686897381),
(8, 9, '什么是PHP?', 'file_5ceced76b6bcf.mp4', '', 'file_5ceced809c828.zip', 10, 1, 1686837376);
COMMIT;

/*!40101 SET CHARACTER_SET_CLIENT=@OLD_CHARACTER_SET_CLIENT */;
/*!40101 SET CHARACTER_SET_RESULTS=@OLD_CHARACTER_SET_RESULTS */;
/*!40101 SET COLLATION_CONNECTION=@OLD_COLLATION_CONNECTION */;
